user101,(1).png,ATTRACTIVE,1,23210,5d30fdd0ac5550e65cc4c4c2
user101,(101).png,ATTRACTIVE,1,23210,5d30fdd0ac5550e65cc4c4c3
user101,(105).png,ATTRACTIVE,1,23210,5d30fdd0ac5550e65cc4c4c4
user101,(11).png,ATTRACTIVE,1,23210,5d30fdd0ac5550e65cc4c4c5
user101,(10).png,ATTRACTIVE,1,23210,5d30fdd0ac5550e65cc4c4c6
user101,(102).png,ATTRACTIVE,1,23210,5d30fdd0ac5550e65cc4c4c7
user101,(110).png,ATTRACTIVE,1,23210,5d30fdd0ac5550e65cc4c4c8
user101,(100).png,ATTRACTIVE,1,23210,5d30fdd0ac5550e65cc4c4c9
user101,(103).png,ATTRACTIVE,1,23210,5d30fdd0ac5550e65cc4c4ca
user101,(104).png,ATTRACTIVE,0,23210,5d30fdd0ac5550e65cc4c4cb
user101,(106).png,ATTRACTIVE,0,23210,5d30fdd0ac5550e65cc4c4cc
user101,(109).png,ATTRACTIVE,0,23210,5d30fdd0ac5550e65cc4c4cd
user101,(108).png,ATTRACTIVE,-1,23210,5d30fdd0ac5550e65cc4c4ce
user101,(107).png,ATTRACTIVE,-1,23210,5d30fdd0ac5550e65cc4c4cf
user101,(1).png,ATTRACTIVE,1,46559,5d3101064d8e13fda108b376
user101,(110).png,ATTRACTIVE,1,46559,5d3101064d8e13fda108b377
user101,(107).png,ATTRACTIVE,1,46559,5d3101064d8e13fda108b378
user101,(109).png,ATTRACTIVE,1,46559,5d3101064d8e13fda108b379
user101,(10).png,ATTRACTIVE,1,46559,5d3101064d8e13fda108b37a
user101,(105).png,ATTRACTIVE,1,46559,5d3101064d8e13fda108b37b
user101,(102).png,ATTRACTIVE,1,46559,5d3101064d8e13fda108b37c
user101,(100).png,ATTRACTIVE,1,46559,5d3101064d8e13fda108b37d
user101,(104).png,ATTRACTIVE,0,46559,5d3101064d8e13fda108b37e
user101,(101).png,ATTRACTIVE,0,46559,5d3101064d8e13fda108b37f
user101,(103).png,ATTRACTIVE,0,46559,5d3101064d8e13fda108b380
user101,(11).png,ATTRACTIVE,-1,46559,5d3101064d8e13fda108b381
user101,(108).png,ATTRACTIVE,-1,46559,5d3101064d8e13fda108b382
user101,(106).png,ATTRACTIVE,-1,46559,5d3101064d8e13fda108b383
