,"positive는 1, negative는 -1, pass는 0으로 투표해주세요

user1 -> 이윤성
이런식으로 이름 바꿔서 진행해주세요

그룹화된거 플러스 버튼 누르면 보입니다!",,,,,,,,,,,,,,,,,,,,,,,,,,,,,,,,,,,,,,,,,,,,,,,,,,,,,,,,
,,,,,,,,,,,,,,,,,,,,,,,,,,,,,,,,,,,,,,,,,,,,,,,,,,,,,,,,,
,,>3 or <-3,3.00%,0.00%,0.00%,26.63%,29.48%,0.00%,0.00%,,,,,,,,,,,,,,,,,,,,,,,,,,,,,,,,,,,,,,,,,,,,,,,,
,,>2 or <-2,7.00%,0.00%,0.00%,49.25%,58.96%,0.00%,0.00%,,,,,,,,,,,,,,,,,,,,,,,,,,,,,,,,,,,,,,,,,,,,,,,,
,,>3,0,0,0,66,137,0,0,,,,,,,,,,,,,,,,,,,,,,,,,,,,,,,,,,,,,,,,,,,,,,,,
,,>2,1,0,0,155,276,0,0,,,,,,,,,,,,,,,,,,,,,,,,,,,,,,,,,,,,,,,,,,,,,,,,
,,<-2,6,0,0,139,76,0,0,,,,,,,,,,,,,,,,,,,,,,,,,,,,,,,,,,,,,,,,,,,,,,,,
,,<-3,3,0,0,93,39,0,0,,,,,,,,,,,,,,,,,,,,,,,,,,,,,,,,,,,,,,,,,,,,,,,,
,,,total,,,,,,,,박준우,,,,,,,,이윤성,,,,,,,,이준수,,,,,,,,김동준,,,,,,,,김혜지,,,,,,,,user6,,,,,,
파일명,번호,사진,매력,신뢰도,이성적,외향적,선함,모험적인,고집있는,,매력,신뢰도,이성적,외향적,선함,모험적인,고집있는,,매력,신뢰도,이성적,외향적,선함,모험적인,고집있는,,매력,신뢰도,이성적,외향적,선함,모험적인,고집있는,,매력,신뢰도,이성적,외향적,선함,모험적인,고집있는,,매력,신뢰도,이성적,외향적,안전한,모험적인,고집있는,,매력,신뢰도,이성적,외향적,안전한,모험적인,고집있는
00011.png,1,,0,1,1,4,4,0,0,,0,1,1,1,1,,,,0,,,1,1,,,,-1,,,1,1,,,,1,,,1,1,,,,,,,,,,,,,,,,,,
00045.png,2,,-4,1,1,0,4,0,0,,-1,1,1,0,1,,,,-1,,,0,1,,,,-1,,,-1,1,,,,-1,,,1,1,,,,,,,,,,,,,,,,,,
00071.png,3,,3,1,0,3,4,0,0,,1,1,0,1,1,,,,1,,,1,1,,,,0,,,0,1,,,,1,,,1,1,,,,,,,,,,,,,,,,,,
00197.png,4,,0,1,0,4,4,0,0,,0,1,0,1,1,,,,0,,,1,1,,,,-1,,,1,1,,,,1,,,1,1,,,,,,,,,,,,,,,,,,
00218.png,5,,-4,1,1,2,2,0,0,,-1,1,1,1,1,,,,-1,,,1,1,,,,-1,,,0,-1,,,,-1,,,0,1,,,,,,,,,,,,,,,,,,
00219.png,6,,-4,0,0,-3,2,0,0,,-1,0,0,0,0,,,,-1,,,-1,1,,,,-1,,,-1,0,,,,-1,,,-1,1,,,,,,,,,,,,,,,,,,
00240.png,7,,1,0,1,3,3,0,0,,0,0,1,0,0,,,,0,,,1,1,,,,0,,,1,1,,,,1,,,1,1,,,,,,,,,,,,,,,,,,
00249.png,8,,1,1,1,2,4,0,0,,0,1,1,0,1,,,,0,,,1,1,,,,0,,,1,1,,,,1,,,0,1,,,,,,,,,,,,,,,,,,
00257.png,9,,-2,1,0,-2,3,0,0,,-1,1,0,-1,0,,,,0,,,0,1,,,,0,,,0,1,,,,-1,,,-1,1,,,,,,,,,,,,,,,,,,
00340.png,10,,0,1,-1,1,4,0,0,,0,1,-1,0,1,,,,0,,,0,1,,,,0,,,1,1,,,,0,,,0,1,,,,,,,,,,,,,,,,,,
00360.png,11,,0,1,0,3,2,0,0,,0,1,0,0,1,,,,0,,,1,1,,,,0,,,1,0,,,,0,,,1,0,,,,,,,,,,,,,,,,,,
00361.png,12,,-1,0,0,0,3,0,0,,-1,0,0,0,1,,,,0,,,0,1,,,,0,,,1,1,,,,0,,,-1,0,,,,,,,,,,,,,,,,,,
00380.png,13,,2,0,1,-3,2,0,0,,0,0,1,-1,1,,,,1,,,-1,1,,,,0,,,0,1,,,,1,,,-1,-1,,,,,,,,,,,,,,,,,,
00428.png,14,,-2,-1,1,-4,3,0,0,,0,-1,1,-1,0,,,,0,,,-1,1,,,,-1,,,-1,1,,,,-1,,,-1,1,,,,,,,,,,,,,,,,,,
00445.png,15,,-2,0,1,0,2,0,0,,-1,0,1,1,1,,,,,,,0,1,,,,0,,,0,1,,,,-1,,,-1,-1,,,,,,,,,,,,,,,,,,
00502.png,16,,-3,0,-1,4,-4,0,0,,-1,0,-1,1,-1,,,,,,,1,-1,,,,-1,,,1,-1,,,,-1,,,1,-1,,,,,,,,,,,,,,,,,,
00511.png,17,,-1,0,0,-3,-2,0,0,,0,0,0,0,0,,,,,,,-1,-1,,,,-1,,,-1,0,,,,0,,,-1,-1,,,,,,,,,,,,,,,,,,
00545.png,18,,-2,1,0,0,2,0,0,,-1,1,0,0,0,,,,,,,0,1,,,,-1,,,1,0,,,,0,,,-1,1,,,,,,,,,,,,,,,,,,
00554.png,19,,-3,0,0,-2,3,0,0,,-1,0,0,-1,0,,,,,,,-1,1,,,,-1,,,1,1,,,,-1,,,-1,1,,,,,,,,,,,,,,,,,,
00609.png,20,,2,0,1,4,-1,0,0,,0,0,1,1,0,,,,,,,1,-1,,,,1,,,1,0,,,,1,,,1,0,,,,,,,,,,,,,,,,,,
00680.png,21,,-3,-1,1,-4,-3,0,0,,-1,-1,1,-1,-1,,,,,,,-1,-1,,,,-1,,,-1,0,,,,-1,,,-1,-1,,,,,,,,,,,,,,,,,,
00688.png,22,,2,1,-1,0,3,0,0,,0,1,-1,0,0,,,,,,,-1,1,,,,1,,,1,1,,,,1,,,0,1,,,,,,,,,,,,,,,,,,
00691.png,23,,1,0,-1,3,-1,0,0,,0,0,-1,0,-1,,,,,,,1,-1,,,,1,,,1,0,,,,0,,,1,1,,,,,,,,,,,,,,,,,,
00751.png,24,,-2,-1,-1,0,-2,0,0,,-1,-1,-1,0,-1,,,,,,,-1,-1,,,,,,,0,0,,,,-1,,,1,0,,,,,,,,,,,,,,,,,,
00761.png,25,,0,1,1,-4,2,0,0,,0,1,1,-1,0,,,,,,,-1,1,,,,,,,-1,0,,,,0,,,-1,1,,,,,,,,,,,,,,,,,,
00770.png,26,,-2,1,-1,2,4,0,0,,-1,1,-1,1,1,,,,,,,1,1,,,,,,,1,1,,,,-1,,,-1,1,,,,,,,,,,,,,,,,,,
00779.png,27,,0,-1,1,-2,-4,0,0,,0,-1,1,-1,-1,,,,,,,-1,-1,,,,,,,1,-1,,,,0,,,-1,-1,,,,,,,,,,,,,,,,,,
00871.png,28,,-1,0,0,2,3,0,0,,-1,0,0,0,0,,,,,,,1,1,,,,,,,1,1,,,,0,,,0,1,,,,,,,,,,,,,,,,,,
00878.png,29,,-1,0,1,-4,3,0,0,,0,0,1,-1,0,,,,,,,-1,1,,,,,,,-1,1,,,,-1,,,-1,1,,,,,,,,,,,,,,,,,,
00880.png,30,,-2,-1,-1,2,-2,0,0,,-1,-1,-1,1,-1,,,,,,,-1,-1,,,,,,,1,-1,,,,-1,,,1,1,,,,,,,,,,,,,,,,,,
01058.png,31,,-2,-1,-1,2,-3,0,0,,-1,-1,-1,1,-1,,,,,,,0,-1,,,,,,,0,-1,,,,-1,,,1,0,,,,,,,,,,,,,,,,,,
01089.png,32,,2,0,1,0,3,0,0,,1,0,1,-1,0,,,,,,,1,1,,,,,,,1,1,,,,1,,,-1,1,,,,,,,,,,,,,,,,,,
01167.png,33,,1,1,0,3,3,0,0,,1,1,0,0,1,,,,,,,1,1,,,,,,,1,0,,,,0,,,1,1,,,,,,,,,,,,,,,,,,
01185.png,34,,0,-1,1,-3,-3,0,0,,0,-1,1,-1,-1,,,,,,,0,-1,,,,,,,-1,0,,,,0,,,-1,-1,,,,,,,,,,,,,,,,,,
01319.png,35,,-1,0,-1,4,-3,0,0,,-1,0,-1,1,0,,,,,,,1,-1,,,,,,,1,-1,,,,0,,,1,-1,,,,,,,,,,,,,,,,,,
01483.png,36,,-2,1,-1,-2,2,0,0,,-1,1,-1,0,0,,,,,,,0,1,,,,,,,-1,0,,,,-1,,,-1,1,,,,,,,,,,,,,,,,,,
01532.png,37,,0,1,-1,3,0,0,0,,0,1,-1,0,1,,,,,,,1,0,,,,,,,1,-1,,,,0,,,1,0,,,,,,,,,,,,,,,,,,
01624.png,38,,-2,-1,-1,0,0,0,0,,-1,-1,-1,-1,0,,,,,,,0,0,,,,,,,0,-1,,,,-1,,,1,1,,,,,,,,,,,,,,,,,,
01688.png,39,,-2,1,-1,-3,3,0,0,,-1,1,-1,0,1,,,,,,,-1,1,,,,,,,-1,0,,,,-1,,,-1,1,,,,,,,,,,,,,,,,,,
01897.png,40,,0,1,1,4,4,0,0,,-1,1,1,1,1,,,,,,,1,1,,,,,,,1,1,,,,1,,,1,1,,,,,,,,,,,,,,,,,,
01966.png,41,,-2,1,0,3,-1,0,0,,-1,1,0,0,0,,,,,,,1,0,,,,,,,1,-1,,,,-1,,,1,0,,,,,,,,,,,,,,,,,,
01978.png,42,,-2,-1,1,-4,0,0,0,,-1,-1,1,-1,-1,,,,,,,-1,0,,,,,,,-1,0,,,,-1,,,-1,1,,,,,,,,,,,,,,,,,,
02140.png,43,,-1,1,-1,4,4,0,0,,0,1,-1,1,1,,,,,,,1,1,,,,,,,1,1,,,,-1,,,1,1,,,,,,,,,,,,,,,,,,
02156.png,44,,-2,-1,-1,-3,0,0,0,,-1,-1,-1,-1,0,,,,,,,-1,0,,,,,,,0,1,,,,-1,,,-1,-1,,,,,,,,,,,,,,,,,,
02216.png,45,,-1,1,1,3,3,0,0,,0,1,1,0,1,,,,,,,1,1,,,,,,,1,0,,,,-1,,,1,1,,,,,,,,,,,,,,,,,,
02254.png,46,,-2,0,0,0,3,0,0,,-1,0,0,0,0,,,,,,,1,1,,,,,,,0,1,,,,-1,,,-1,1,,,,,,,,,,,,,,,,,,
02286.png,47,,0,0,-1,-3,1,0,0,,0,0,-1,0,-1,,,,,,,-1,0,,,,,,,-1,1,,,,0,,,-1,1,,,,,,,,,,,,,,,,,,
02435.png,48,,-1,0,1,-2,-4,0,0,,0,0,1,-1,-1,,,,,,,-1,-1,,,,,,,1,-1,,,,-1,,,-1,-1,,,,,,,,,,,,,,,,,,
02518.png,49,,-2,0,-1,-3,-3,0,0,,-1,0,-1,-1,-1,,,,,,,-1,-1,,,,,,,0,-1,,,,-1,,,-1,0,,,,,,,,,,,,,,,,,,
02583.png,50,,-2,-1,-1,-4,0,0,0,,-1,-1,-1,-1,-1,,,,,,,-1,0,,,,,,,-1,0,,,,-1,,,-1,1,,,,,,,,,,,,,,,,,,
02609.png,51,,1,1,1,0,4,0,0,,0,1,1,1,1,,,,,,,1,1,,,,,,,-1,1,,,,1,,,-1,1,,,,,,,,,,,,,,,,,,
02618.png,52,,0,1,1,-2,4,0,0,,0,1,1,0,1,,,,,,,0,1,,,,,,,-1,1,,,,0,,,-1,1,,,,,,,,,,,,,,,,,,
02671.png,53,,-2,1,1,1,4,0,0,,-1,1,1,-1,1,,,,,,,0,1,,,,,,,1,1,,,,-1,,,1,1,,,,,,,,,,,,,,,,,,
02766.png,54,,0,-1,1,1,-4,0,0,,-1,-1,1,-1,-1,,,,,,,0,-1,,,,,,,1,-1,,,,1,,,1,-1,,,,,,,,,,,,,,,,,,
02782.png,55,,-2,0,1,1,3,0,0,,-1,0,1,0,0,,,,,,,1,1,,,,,,,-1,1,,,,-1,,,1,1,,,,,,,,,,,,,,,,,,
02791.png,56,,-2,1,0,3,3,0,0,,-1,1,0,0,0,,,,,,,1,1,,,,,,,1,1,,,,-1,,,1,1,,,,,,,,,,,,,,,,,,
02832.png,57,,0,0,-1,2,2,0,0,,0,0,-1,0,1,,,,,,,0,1,,,,,,,1,1,,,,0,,,1,-1,,,,,,,,,,,,,,,,,,
02845.png,58,,0,-1,1,-4,-2,0,0,,0,-1,1,-1,-1,,,,,,,-1,-1,,,,,,,-1,1,,,,0,,,-1,-1,,,,,,,,,,,,,,,,,,
02886.png,59,,0,1,0,4,4,0,0,,0,1,0,1,1,,,,,,,1,1,,,,,,,1,1,,,,0,,,1,1,,,,,,,,,,,,,,,,,,
02891.png,60,,-2,0,0,2,1,0,0,,-1,0,0,1,1,,,,,,,1,0,,,,,,,1,-1,,,,-1,,,-1,1,,,,,,,,,,,,,,,,,,
02947.png,61,,-2,0,-1,1,1,0,0,,-1,0,-1,1,1,,,,,,,1,0,,,,,,,0,-1,,,,-1,,,-1,1,,,,,,,,,,,,,,,,,,
02986.png,62,,-1,0,-1,3,4,0,0,,0,0,-1,0,1,,,,,,,1,1,,,,,,,1,1,,,,-1,,,1,1,,,,,,,,,,,,,,,,,,
03033.png,63,,-2,0,-1,2,4,0,0,,-1,0,-1,1,1,,,,,,,1,1,,,,,,,1,1,,,,-1,,,-1,1,,,,,,,,,,,,,,,,,,
03038.png,64,,-1,-1,0,-3,0,0,0,,0,-1,0,-1,0,,,,,,,-1,0,,,,,,,,,,,,-1,,,-1,0,,,,,,,,,,,,,,,,,,
03117.png,65,,2,0,1,-1,3,0,0,,1,0,1,-1,0,,,,,,,0,1,,,,,,,-1,1,,,,1,,,1,1,,,,,,,,,,,,,,,,,,
03266.png,66,,-2,1,-1,3,4,0,0,,-1,1,-1,0,1,,,,,,,1,1,,,,,,,1,1,,,,-1,,,1,1,,,,,,,,,,,,,,,,,,
03410.png,67,,-2,1,1,-2,4,0,0,,-1,1,1,0,1,,,,,,,0,1,,,,,,,-1,1,,,,-1,,,-1,1,,,,,,,,,,,,,,,,,,
03583.png,68,,-2,-1,1,-4,-4,0,0,,-1,-1,1,-1,-1,,,,,,,-1,-1,,,,,,,-1,-1,,,,-1,,,-1,-1,,,,,,,,,,,,,,,,,,
03649.png,69,,-2,-1,1,-4,-3,0,0,,-1,-1,1,-1,-1,,,,,,,-1,-1,,,,,,,-1,-1,,,,-1,,,-1,0,,,,,,,,,,,,,,,,,,
03694.png,70,,1,0,1,3,3,0,0,,0,0,1,0,0,,,,,,,1,1,,,,,,,1,1,,,,1,,,1,1,,,,,,,,,,,,,,,,,,
03747.png,71,,-2,0,0,-2,3,0,0,,-1,0,0,0,0,,,,,,,0,1,,,,,,,-1,1,,,,-1,,,-1,1,,,,,,,,,,,,,,,,,,
03823.png,72,,-2,-1,-1,-4,-2,0,0,,-1,-1,-1,-1,-1,,,,,,,-1,-1,,,,,,,-1,0,,,,-1,,,-1,0,,,,,,,,,,,,,,,,,,
03853.png,73,,-2,0,0,-3,-4,0,0,,-1,0,0,-1,-1,,,,,,,-1,-1,,,,,,,0,-1,,,,-1,,,-1,-1,,,,,,,,,,,,,,,,,,
03950.png,74,,1,1,1,2,4,0,0,,0,1,1,1,1,,,,,,,1,1,,,,,,,1,1,,,,1,,,-1,1,,,,,,,,,,,,,,,,,,
04002.png,75,,-2,0,1,2,3,0,0,,-1,0,1,1,1,,,,,,,1,1,,,,,,,1,1,,,,-1,,,-1,0,,,,,,,,,,,,,,,,,,
04176.png,76,,-2,0,1,0,1,0,0,,-1,0,1,0,1,,,,,,,0,0,,,,,,,1,1,,,,-1,,,-1,-1,,,,,,,,,,,,,,,,,,
04219.png,77,,-2,0,-1,1,3,0,0,,-1,0,-1,1,1,,,,,,,1,1,,,,,,,0,0,,,,-1,,,-1,1,,,,,,,,,,,,,,,,,,
04374.png,78,,-2,-1,1,-4,-1,0,0,,-1,-1,1,-1,-1,,,,,,,-1,0,,,,,,,-1,0,,,,-1,,,-1,0,,,,,,,,,,,,,,,,,,
04588.png,79,,-1,-1,1,0,-1,0,0,,0,-1,1,-1,-1,,,,,,,0,-1,,,,,,,,1,,,,-1,,,1,0,,,,,,,,,,,,,,,,,,
04731.png,80,,-1,-1,1,0,-2,0,0,,0,-1,1,-1,0,,,,,,,-1,-1,,,,,,,1,0,,,,-1,,,1,-1,,,,,,,,,,,,,,,,,,
04799.png,81,,-2,0,1,0,3,0,0,,-1,0,1,-1,0,,,,,,,1,1,,,,,,,1,1,,,,-1,,,-1,1,,,,,,,,,,,,,,,,,,
04812.png,82,,2,-1,1,2,2,0,0,,1,-1,1,-1,0,,,,,,,1,1,,,,,,,1,1,,,,1,,,1,0,,,,,,,,,,,,,,,,,,
04823.png,83,,2,0,1,2,4,0,0,,1,0,1,-1,1,,,,,,,1,1,,,,,,,1,1,,,,1,,,1,1,,,,,,,,,,,,,,,,,,
04870.png,84,,-1,0,1,0,4,0,0,,0,0,1,-1,1,,,,,,,1,1,,,,,,,1,1,,,,-1,,,-1,1,,,,,,,,,,,,,,,,,,
05041.png,85,,0,-1,-1,0,1,0,0,,0,-1,-1,-1,0,,,,,,,0,0,,,,,,,0,1,,,,0,,,1,0,,,,,,,,,,,,,,,,,,
05076.png,86,,0,1,1,2,3,0,0,,0,1,1,0,1,,,,,,,0,1,,,,,,,1,1,,,,0,,,1,0,,,,,,,,,,,,,,,,,,
05206.png,87,,2,-1,-1,-1,0,0,0,,1,-1,-1,-1,0,,,,,,,0,0,,,,,,,1,1,,,,1,,,-1,-1,,,,,,,,,,,,,,,,,,
05276.png,88,,0,0,1,1,4,0,0,,0,0,1,0,1,,,,,,,1,1,,,,,,,1,1,,,,0,,,-1,1,,,,,,,,,,,,,,,,,,
05348.png,89,,-2,-1,-1,3,2,0,0,,-1,-1,-1,1,0,,,,,,,1,1,,,,,,,0,0,,,,-1,,,1,1,,,,,,,,,,,,,,,,,,
05396.png,90,#ERROR!,1,0,-1,3,4,0,0,,0,0,-1,0,1,,,,,,,1,1,,,,,,,1,1,,,,1,,,1,1,,,,,,,,,,,,,,,,,,
05435.png,91,,2,1,0,4,4,0,0,,1,1,0,1,1,,,,,,,1,1,,,,,,,1,1,,,,1,,,1,1,,,,,,,,,,,,,,,,,,
05456.png,92,,-2,0,-1,-2,4,0,0,,-1,0,-1,0,1,,,,,,,0,1,,,,,,,-1,1,,,,-1,,,-1,1,,,,,,,,,,,,,,,,,,
05467.png,93,,-2,-1,-1,-2,1,0,0,,-1,-1,-1,-1,-1,,,,,,,-1,1,,,,,,,-1,1,,,,-1,,,1,0,,,,,,,,,,,,,,,,,,
05472.png,94,,0,1,1,3,4,0,0,,0,1,1,0,1,,,,,,,1,1,,,,,,,1,1,,,,0,,,1,1,,,,,,,,,,,,,,,,,,
05477.png,95,,1,0,-1,2,3,0,0,,0,0,-1,1,0,,,,,,,-1,1,,,,,,,1,1,,,,1,,,1,1,,,,,,,,,,,,,,,,,,
05494.png,96,,2,-1,-1,-4,-4,0,0,,1,-1,-1,-1,-1,,,,,,,-1,-1,,,,,,,-1,-1,,,,1,,,-1,-1,,,,,,,,,,,,,,,,,,
05497.png,97,,-2,-1,1,-1,0,0,0,,-1,-1,1,-1,-1,,,,,,,-1,0,,,,,,,0,1,,,,-1,,,1,0,,,,,,,,,,,,,,,,,,
05502.png,98,,1,0,-1,0,4,0,0,,0,0,-1,0,1,,,,,,,0,1,,,,,,,1,1,,,,1,,,-1,1,,,,,,,,,,,,,,,,,,
05544.png,99,,0,-1,-1,-3,2,0,0,,0,-1,-1,-1,0,,,,,,,0,1,,,,,,,-1,1,,,,0,,,-1,0,,,,,,,,,,,,,,,,,,
05546.png,100,,-2,-1,-1,-3,0,0,0,,-1,-1,-1,0,0,,,,,,,-1,0,,,,,,,-1,0,,,,-1,,,-1,0,,,,,,,,,,,,,,,,,,
05567.png,101,,1,0,1,-2,0,0,0,,0,0,1,-1,0,,,,,,,-1,0,,,,,,,1,1,,,,1,,,-1,-1,,,,,,,,,,,,,,,,,,
05582.png,102,,-2,-1,1,4,4,0,0,,-1,-1,1,1,1,,,,,,,1,1,,,,,,,1,1,,,,-1,,,1,1,,,,,,,,,,,,,,,,,,
05946.png,103,,2,-1,-1,2,3,0,0,,1,-1,-1,0,0,,,,,,,0,1,,,,,,,1,1,,,,1,,,1,1,,,,,,,,,,,,,,,,,,
05957.png,104,,-1,0,1,1,4,0,0,,-1,0,1,0,1,,,,,,,1,1,,,,,,,1,1,,,,0,,,-1,1,,,,,,,,,,,,,,,,,,
06004.png,105,,-1,0,1,3,0,0,0,,-1,0,1,0,0,,,,,,,1,0,,,,,,,1,-1,,,,0,,,1,1,,,,,,,,,,,,,,,,,,
06066.png,106,,-2,-1,1,-4,-3,0,0,,-1,-1,1,-1,-1,,,,,,,-1,-1,,,,,,,-1,0,,,,-1,,,-1,-1,,,,,,,,,,,,,,,,,,
06128.png,107,,-2,0,-1,1,4,0,0,,-1,0,-1,0,1,,,,,,,1,1,,,,,,,1,1,,,,-1,,,-1,1,,,,,,,,,,,,,,,,,,
06187.png,108,,0,0,-1,4,4,0,0,,0,0,-1,1,1,,,,,,,1,1,,,,,,,1,1,,,,0,,,1,1,,,,,,,,,,,,,,,,,,
06219.png,109,,-1,0,1,-2,3,0,0,,0,0,1,-1,0,,,,,,,0,1,,,,,,,0,1,,,,-1,,,-1,1,,,,,,,,,,,,,,,,,,
06291.png,110,,-2,0,-1,-3,-2,0,0,,-1,0,-1,0,0,,,,,,,-1,-1,,,,,,,-1,0,,,,-1,,,-1,-1,,,,,,,,,,,,,,,,,,
06314.png,111,,1,0,-1,-4,3,0,0,,0,0,-1,-1,0,,,,,,,-1,1,,,,,,,-1,1,,,,1,,,-1,1,,,,,,,,,,,,,,,,,,
06362.png,112,,-2,-1,-1,-4,-1,0,0,,-1,-1,-1,-1,-1,,,,,,,-1,0,,,,,,,-1,1,,,,-1,,,-1,-1,,,,,,,,,,,,,,,,,,
06373.png,113,,-2,0,-1,2,3,0,0,,-1,0,-1,0,0,,,,,,,0,1,,,,,,,1,1,,,,-1,,,1,1,,,,,,,,,,,,,,,,,,
06416.png,114,,-2,-1,1,-1,-4,0,0,,-1,-1,1,-1,-1,,,,,,,-1,-1,,,,,,,0,-1,,,,-1,,,1,-1,,,,,,,,,,,,,,,,,,
06432.png,115,,-1,0,-1,3,0,0,0,,0,0,-1,0,-1,,,,,,,1,0,,,,,,,1,0,,,,-1,,,1,1,,,,,,,,,,,,,,,,,,
06433.png,116,,0,0,-1,-3,2,0,0,,-1,0,-1,0,0,,,,,,,-1,0,,,,,,,-1,1,,,,1,,,-1,1,,,,,,,,,,,,,,,,,,
06513.png,117,,-2,0,1,-1,0,0,0,,-1,0,1,0,0,,,,,,,-1,-1,,,,,,,-1,1,,,,-1,,,1,0,,,,,,,,,,,,,,,,,,
06523.png,118,,-2,1,1,3,3,0,0,,-1,1,1,0,0,,,,,,,1,1,,,,,,,1,1,,,,-1,,,1,1,,,,,,,,,,,,,,,,,,
06526.png,119,,-2,-1,-1,-1,-4,0,0,,-1,-1,-1,0,-1,,,,,,,-1,-1,,,,,,,-1,-1,,,,-1,,,1,-1,,,,,,,,,,,,,,,,,,
06566.png,120,,-1,0,-1,4,0,0,0,,0,0,-1,1,0,,,,,,,1,0,,,,,,,1,0,,,,-1,,,1,0,,,,,,,,,,,,,,,,,,
06597.png,121,,-2,1,-1,2,4,0,0,,-1,1,-1,1,1,,,,,,,1,1,,,,,,,1,1,,,,-1,,,-1,1,,,,,,,,,,,,,,,,,,
06682.png,122,,-1,-1,-1,0,-3,0,0,,0,-1,-1,0,-1,,,,,,,0,-1,,,,,,,-1,-1,,,,-1,,,1,0,,,,,,,,,,,,,,,,,,
06752.png,123,,-1,0,-1,1,1,0,0,,0,0,-1,0,1,,,,,,,-1,0,,,,,,,1,0,,,,-1,,,1,0,,,,,,,,,,,,,,,,,,
06764.png,124,,-2,0,0,-2,2,0,0,,-1,0,0,0,0,,,,,,,-1,1,,,,,,,0,0,,,,-1,,,-1,1,,,,,,,,,,,,,,,,,,
06782.png,125,,-2,-1,0,-2,3,0,0,,-1,-1,0,-1,0,,,,,,,0,1,,,,,,,0,1,,,,-1,,,-1,1,,,,,,,,,,,,,,,,,,
06824.png,126,,-1,-1,-1,-2,1,0,0,,-1,-1,-1,-1,-1,,,,,,,-1,1,,,,,,,-1,1,,,,0,,,1,0,,,,,,,,,,,,,,,,,,
06977.png,127,,-2,1,1,2,4,0,0,,-1,1,1,1,1,,,,,,,1,1,,,,,,,1,1,,,,-1,,,-1,1,,,,,,,,,,,,,,,,,,
07221.png,128,,-1,0,-1,3,4,0,0,,0,0,-1,0,1,,,,,,,1,1,,,,,,,1,1,,,,-1,,,1,1,,,,,,,,,,,,,,,,,,
07323.png,129,,1,1,1,1,4,0,0,,0,1,1,0,1,,,,,,,1,1,,,,,,,1,1,,,,1,,,-1,1,,,,,,,,,,,,,,,,,,
07438.png,130,,0,0,0,1,4,0,0,,-1,0,0,0,1,,,,,,,1,1,,,,,,,1,1,,,,1,,,-1,1,,,,,,,,,,,,,,,,,,
07609.png,131,,-2,0,-1,3,4,0,0,,-1,0,-1,0,1,,,,,,,1,1,,,,,,,1,1,,,,-1,,,1,1,,,,,,,,,,,,,,,,,,
07623.png,132,,-2,-1,1,-4,-3,0,0,,-1,-1,1,-1,-1,,,,,,,-1,-1,,,,,,,-1,-1,,,,-1,,,-1,0,,,,,,,,,,,,,,,,,,
07631.png,133,,-1,0,1,1,-1,0,0,,0,0,1,0,0,,,,,,,1,-1,,,,,,,1,-1,,,,-1,,,-1,1,,,,,,,,,,,,,,,,,,
07637.png,134,,-2,0,0,-3,3,0,0,,-1,0,0,0,0,,,,,,,-1,1,,,,,,,-1,1,,,,-1,,,-1,1,,,,,,,,,,,,,,,,,,
07642.png,135,,-2,-1,-1,2,-3,0,0,,-1,-1,-1,0,0,,,,,,,1,-1,,,,,,,1,-1,,,,-1,,,0,-1,,,,,,,,,,,,,,,,,,
07762.png,136,,-1,-1,-1,3,0,0,0,,-1,-1,-1,0,0,,,,,,,1,0,,,,,,,1,-1,,,,0,,,1,1,,,,,,,,,,,,,,,,,,
07787.png,137,,-1,0,-1,2,4,0,0,,0,0,-1,1,1,,,,,,,1,1,,,,,,,1,1,,,,-1,,,-1,1,,,,,,,,,,,,,,,,,,
07798.png,138,,0,-1,-1,1,2,0,0,,0,-1,-1,-1,0,,,,,,,0,1,,,,,,,1,1,,,,0,,,1,0,,,,,,,,,,,,,,,,,,
07956.png,139,,-2,0,1,-4,0,0,0,,-1,0,1,-1,0,,,,,,,-1,0,,,,,,,-1,-1,,,,-1,,,-1,1,,,,,,,,,,,,,,,,,,
07968.png,140,,0,0,1,3,4,0,0,,0,0,1,0,1,,,,,,,1,1,,,,,,,1,1,,,,0,,,1,1,,,,,,,,,,,,,,,,,,
07980.png,141,,-2,-1,-1,-3,0,0,0,,-1,-1,-1,0,0,,,,,,,-1,0,,,,,,,-1,1,,,,-1,,,-1,-1,,,,,,,,,,,,,,,,,,
08088.png,142,,-2,-1,1,-4,3,0,0,,-1,-1,1,-1,0,,,,,,,-1,1,,,,,,,-1,1,,,,-1,,,-1,1,,,,,,,,,,,,,,,,,,
08168.png,143,,-2,0,1,-3,2,0,0,,-1,0,1,-1,0,,,,,,,-1,1,,,,,,,0,1,,,,-1,,,-1,0,,,,,,,,,,,,,,,,,,
08216.png,144,,1,1,0,1,4,0,0,,0,1,0,-1,1,,,,,,,0,1,,,,,,,1,1,,,,1,,,1,1,,,,,,,,,,,,,,,,,,
08367.png,145,,-2,0,-1,-3,3,0,0,,-1,0,-1,0,1,,,,,,,-1,1,,,,,,,-1,,,,,-1,,,-1,1,,,,,,,,,,,,,,,,,,
08472.png,146,,-2,-1,-1,4,-4,0,0,,-1,-1,-1,1,-1,,,,,,,1,-1,,,,,,,1,-1,,,,-1,,,1,-1,,,,,,,,,,,,,,,,,,
08494.png,147,,-2,-1,-1,-4,-2,0,0,,-1,-1,-1,-1,0,,,,,,,-1,-1,,,,,,,-1,-1,,,,-1,,,-1,0,,,,,,,,,,,,,,,,,,
08725.png,148,,0,1,0,4,4,0,0,,0,1,0,1,1,,,,,,,1,1,,,,,,,1,1,,,,0,,,1,1,,,,,,,,,,,,,,,,,,
08769.png,149,,1,0,0,4,4,0,0,,0,0,0,1,1,,,,,,,1,1,,,,,,,1,1,,,,1,,,1,1,,,,,,,,,,,,,,,,,,
08862.png,150,,-2,0,0,0,3,0,0,,-1,0,0,0,0,,,,,,,0,1,,,,,,,1,1,,,,-1,,,-1,1,,,,,,,,,,,,,,,,,,
09236.png,151,,1,-1,-1,-4,-1,0,0,,0,-1,-1,-1,0,,,,,,,-1,-1,,,,,,,-1,1,,,,1,,,-1,-1,,,,,,,,,,,,,,,,,,
09285.png,152,,1,0,-1,4,4,0,0,,0,0,-1,1,1,,,,,,,1,1,,,,,,,1,1,,,,1,,,1,1,,,,,,,,,,,,,,,,,,
09330.png,153,,-2,-1,0,-3,-4,0,0,,-1,-1,0,-1,-1,,,,,,,0,-1,,,,,,,-1,-1,,,,-1,,,-1,-1,,,,,,,,,,,,,,,,,,
09351.png,154,,-2,0,-1,-1,2,0,0,,-1,0,-1,0,0,,,,,,,0,1,,,,,,,0,0,,,,-1,,,-1,1,,,,,,,,,,,,,,,,,,
09537.png,155,,-1,1,1,3,4,0,0,,0,1,1,0,1,,,,,,,1,1,,,,,,,1,1,,,,-1,,,1,1,,,,,,,,,,,,,,,,,,
09614.png,156,,-1,1,1,3,4,0,0,,0,1,1,0,1,,,,,,,1,1,,,,,,,1,1,,,,-1,,,1,1,,,,,,,,,,,,,,,,,,
09644.png,157,,-2,0,1,-4,0,0,0,,-1,0,1,-1,0,,,,,,,-1,0,,,,,,,-1,1,,,,-1,,,-1,-1,,,,,,,,,,,,,,,,,,
09716.png,158,,-1,0,1,-2,2,0,0,,0,0,1,-1,0,,,,,,,-1,1,,,,,,,-1,1,,,,-1,,,1,0,,,,,,,,,,,,,,,,,,
09731.png,159,,-2,0,1,1,1,0,0,,-1,0,1,0,1,,,,,,,0,0,,,,,,,,-1,,,,-1,,,1,1,,,,,,,,,,,,,,,,,,
09800.png,160,,1,0,1,-1,4,0,0,,0,0,1,0,1,,,,,,,0,1,,,,,,,0,1,,,,1,,,-1,1,,,,,,,,,,,,,,,,,,
09812.png,161,,-2,0,-1,3,2,0,0,,-1,0,-1,1,1,,,,,,,1,0,,,,,,,0,0,,,,-1,,,1,1,,,,,,,,,,,,,,,,,,
09885.png,162,,-2,0,-1,-4,2,0,0,,-1,0,-1,-1,1,,,,,,,-1,-1,,,,,,,-1,1,,,,-1,,,-1,1,,,,,,,,,,,,,,,,,,
09942.png,163,,-2,-1,1,-3,-1,0,0,,-1,-1,1,-1,0,,,,,,,0,-1,,,,,,,-1,1,,,,-1,,,-1,-1,,,,,,,,,,,,,,,,,,
10035.png,164,,-2,1,-1,4,4,0,0,,-1,1,-1,1,1,,,,,,,1,1,,,,,,,1,1,,,,-1,,,1,1,,,,,,,,,,,,,,,,,,
10110.png,165,,-2,0,0,1,1,0,0,,-1,0,0,1,1,,,,,,,1,0,,,,,,,0,-1,,,,-1,,,-1,1,,,,,,,,,,,,,,,,,,
10204.png,166,,-1,1,1,-3,4,0,0,,0,1,1,0,1,,,,,,,-1,1,,,,,,,-1,1,,,,-1,,,-1,1,,,,,,,,,,,,,,,,,,
10244.png,167,,-2,-1,-1,-2,-4,0,0,,-1,-1,-1,-1,-1,,,,,,,-1,-1,,,,,,,-1,-1,,,,-1,,,1,-1,,,,,,,,,,,,,,,,,,
10249.png,168,,1,1,1,1,4,0,0,,1,1,1,0,1,,,,,,,-1,1,,,,,,,1,1,,,,0,,,1,1,,,,,,,,,,,,,,,,,,
10465.png,169,,-2,0,0,-1,3,0,0,,-1,0,0,0,0,,,,,,,-1,1,,,,,,,1,1,,,,-1,,,-1,1,,,,,,,,,,,,,,,,,,
10471.png,170,,-1,0,-1,4,3,0,0,,-1,0,-1,1,0,,,,,,,1,1,,,,,,,1,1,,,,0,,,1,1,,,,,,,,,,,,,,,,,,
10505.png,171,,-2,-1,-1,-4,-3,0,0,,-1,-1,-1,-1,0,,,,,,,-1,-1,,,,,,,-1,-1,,,,-1,,,-1,-1,,,,,,,,,,,,,,,,,,
10858.png,172,,-1,1,0,2,4,0,0,,-1,1,0,1,1,,,,,,,1,1,,,,,,,1,1,,,,0,,,-1,1,,,,,,,,,,,,,,,,,,
10899.png,173,,-2,1,0,2,4,0,0,,-1,1,0,1,1,,,,,,,1,1,,,,,,,-1,1,,,,-1,,,1,1,,,,,,,,,,,,,,,,,,
10906.png,174,,1,-1,0,3,0,0,0,,0,-1,0,0,0,,,,,,,1,0,,,,,,,1,0,,,,1,,,1,0,,,,,,,,,,,,,,,,,,
10945.png,175,,-1,1,1,1,4,0,0,,0,1,1,0,1,,,,,,,1,1,,,,,,,1,1,,,,-1,,,-1,1,,,,,,,,,,,,,,,,,,
10964.png,176,,-2,0,0,-1,0,0,0,,-1,0,0,0,0,,,,,,,0,0,,,,,,,,1,,,,-1,,,-1,-1,,,,,,,,,,,,,,,,,,
11004.png,177,,-1,0,-1,4,0,0,0,,-1,0,-1,1,0,,,,,,,1,0,,,,,,,1,1,,,,0,,,1,-1,,,,,,,,,,,,,,,,,,
11032.png,178,,1,0,-1,1,4,0,0,,0,0,-1,0,1,,,,,,,0,1,,,,,,,,1,,,,1,,,1,1,,,,,,,,,,,,,,,,,,
11061.png,179,,0,-1,-1,-2,-3,0,0,,0,-1,-1,-1,-1,,,,,,,-1,-1,,,,,,,-1,,,,,0,,,1,-1,,,,,,,,,,,,,,,,,,
11080.png,180,,-2,-1,-1,-1,2,0,0,,-1,-1,-1,1,-1,,,,,,,0,1,,,,,,,-1,1,,,,-1,,,-1,1,,,,,,,,,,,,,,,,,,
11232.png,181,,-1,1,1,-1,3,0,0,,0,1,1,0,0,,,,,,,0,1,,,,,,,,1,,,,-1,,,-1,1,,,,,,,,,,,,,,,,,,
11235.png,182,,0,1,1,4,4,0,0,,0,1,1,1,1,,,,,,,1,1,,,,,,,1,1,,,,0,,,1,1,,,,,,,,,,,,,,,,,,
11264.png,183,,-2,0,0,3,3,0,0,,-1,0,0,1,0,,,,,,,1,1,,,,,,,,1,,,,-1,,,1,1,,,,,,,,,,,,,,,,,,
11282.png,184,,1,0,-1,-4,3,0,0,,0,0,-1,-1,0,,,,,,,-1,1,,,,,,,-1,1,,,,1,,,-1,1,,,,,,,,,,,,,,,,,,
11299.png,185,,-2,0,-1,-3,0,0,0,,-1,0,-1,-1,0,,,,,,,-1,0,,,,,,,,1,,,,-1,,,-1,-1,,,,,,,,,,,,,,,,,,
11325.png,186,,0,1,1,-1,4,0,0,,0,1,1,0,1,,,,,,,0,1,,,,,,,,1,,,,0,,,-1,1,,,,,,,,,,,,,,,,,,
11515.png,187,,-2,0,1,-4,-4,0,0,,-1,0,1,-1,-1,,,,,,,-1,-1,,,,,,,-1,-1,,,,-1,,,-1,-1,,,,,,,,,,,,,,,,,,
11518.png,188,,-1,-1,0,-1,-1,0,0,,-1,-1,0,-1,0,,,,,,,-1,-1,,,,,,,0,-1,,,,0,,,1,1,,,,,,,,,,,,,,,,,,
11568.png,189,,-1,0,-1,1,3,0,0,,0,0,-1,1,0,,,,,,,1,1,,,,,,,,1,,,,-1,,,-1,1,,,,,,,,,,,,,,,,,,
11593.png,190,,1,1,1,1,3,0,0,,0,1,1,0,0,,,,,,,1,1,,,,,,,1,1,,,,1,,,-1,1,,,,,,,,,,,,,,,,,,
11599.png,191,,-1,1,1,1,2,0,0,,0,1,1,0,1,,,,,,,1,1,,,,,,,1,1,,,,-1,,,-1,-1,,,,,,,,,,,,,,,,,,
11627.png,192,,-1,0,0,3,2,0,0,,0,0,0,0,0,,,,,,,1,1,,,,,,,1,1,,,,-1,,,1,0,,,,,,,,,,,,,,,,,,
11842.png,193,,-2,-1,1,-3,-3,0,0,,-1,-1,1,-1,0,,,,,,,-1,-1,,,,,,,0,-1,,,,-1,,,-1,-1,,,,,,,,,,,,,,,,,,
12019.png,194,,-2,0,-1,-2,3,0,0,,-1,0,-1,-1,0,,,,,,,-1,1,,,,,,,-1,1,,,,-1,,,1,1,,,,,,,,,,,,,,,,,,
12038.png,195,,-1,-1,-1,-1,2,0,0,,-1,-1,-1,0,0,,,,,,,-1,1,,,,,,,-1,0,,,,0,,,1,1,,,,,,,,,,,,,,,,,,
12484.png,196,,-1,0,-1,4,4,0,0,,0,0,-1,1,1,,,,,,,1,1,,,,,,,1,1,,,,-1,,,1,1,,,,,,,,,,,,,,,,,,
12537.png,197,,-1,0,1,-4,-1,0,0,,0,0,1,-1,0,,,,,,,-1,-1,,,,,,,-1,1,,,,-1,,,-1,-1,,,,,,,,,,,,,,,,,,
12551.png,198,,-1,0,1,-4,0,0,0,,0,0,1,-1,0,,,,,,,-1,-1,,,,,,,-1,1,,,,-1,,,-1,0,,,,,,,,,,,,,,,,,,
12639.png,199,,-1,1,-1,2,4,0,0,,0,1,-1,1,1,,,,,,,1,1,,,,,,,1,1,,,,-1,,,-1,1,,,,,,,,,,,,,,,,,,
12660.png,200,,0,-1,-1,-2,-3,0,0,,-1,-1,-1,-1,0,,,,,,,-1,-1,,,,,,,-1,-1,,,,1,,,1,-1,,,,,,,,,,,,,,,,,,
12989.png,201,,-2,0,-1,-1,3,0,0,,-1,0,-1,0,0,,,,,,,-1,1,,,,,,,-1,1,,,,-1,,,1,1,,,,,,,,,,,,,,,,,,
13064.png,202,,-2,1,1,1,4,0,0,,-1,1,1,0,1,,,,,,,1,1,,,,,,,1,1,,,,-1,,,-1,1,,,,,,,,,,,,,,,,,,
13108.png,203,,1,0,-1,4,2,0,0,,0,0,-1,1,0,,,,,,,1,1,,,,,,,1,1,,,,1,,,1,0,,,,,,,,,,,,,,,,,,
13134.png,204,,-2,0,1,-4,0,0,0,,-1,0,1,-1,0,,,,,,,-1,-1,,,,,,,-1,1,,,,-1,,,-1,0,,,,,,,,,,,,,,,,,,
13262.png,205,,-2,0,1,-3,1,0,0,,-1,0,1,0,0,,,,,,,-1,-1,,,,,,,-1,1,,,,-1,,,-1,1,,,,,,,,,,,,,,,,,,
13296.png,206,,2,0,0,-1,2,0,0,,1,0,0,-1,0,,,,,,,0,1,,,,,,,1,1,,,,1,,,-1,0,,,,,,,,,,,,,,,,,,
13299.png,207,,-2,1,1,1,4,0,0,,-1,1,1,0,1,,,,,,,1,1,,,,,,,1,1,,,,-1,,,-1,1,,,,,,,,,,,,,,,,,,
13406.png,208,,0,1,-1,4,4,0,0,,0,1,-1,1,1,,,,,,,1,1,,,,,,,1,1,,,,0,,,1,1,,,,,,,,,,,,,,,,,,
13462.png,209,,-2,0,0,3,1,0,0,,-1,0,0,0,0,,,,,,,1,0,,,,,,,1,1,,,,-1,,,1,0,,,,,,,,,,,,,,,,,,
13475.png,210,,-2,0,-1,1,3,0,0,,-1,0,-1,1,0,,,,,,,0,1,,,,,,,1,1,,,,-1,,,-1,1,,,,,,,,,,,,,,,,,,
13542.png,211,,0,0,-1,-1,-3,0,0,,0,0,-1,0,0,,,,,,,-1,-1,,,,,,,-1,-1,,,,0,,,1,-1,,,,,,,,,,,,,,,,,,
13543.png,212,,-2,1,-1,4,4,0,0,,-1,1,-1,1,1,,,,,,,1,1,,,,,,,1,1,,,,-1,,,1,1,,,,,,,,,,,,,,,,,,
13567.png,213,,-2,1,1,2,4,0,0,,-1,1,1,1,1,,,,,,,1,1,,,,,,,1,1,,,,-1,,,-1,1,,,,,,,,,,,,,,,,,,
13622.png,214,,0,0,1,1,4,0,0,,0,0,1,0,1,,,,,,,-1,1,,,,,,,1,1,,,,0,,,1,1,,,,,,,,,,,,,,,,,,
13668.png,215,,-1,1,-1,1,4,0,0,,0,1,-1,0,1,,,,,,,1,1,,,,,,,1,1,,,,-1,,,-1,1,,,,,,,,,,,,,,,,,,
13701.png,216,,-2,0,-1,2,2,0,0,,-1,0,-1,1,0,,,,,,,1,1,,,,,,,1,1,,,,-1,,,-1,0,,,,,,,,,,,,,,,,,,
13717.png,217,,-1,-1,-1,-4,-4,0,0,,-1,-1,-1,-1,-1,,,,,,,-1,-1,,,,,,,-1,-1,,,,0,,,-1,-1,,,,,,,,,,,,,,,,,,
13780.png,218,,1,0,-1,2,4,0,0,,0,0,-1,1,1,,,,,,,1,1,,,,,,,1,1,,,,1,,,-1,1,,,,,,,,,,,,,,,,,,
13809.png,219,,-2,0,0,-1,1,0,0,,-1,0,0,0,0,,,,,,,-1,0,,,,,,,1,1,,,,-1,,,-1,0,,,,,,,,,,,,,,,,,,
13889.png,220,,-2,0,-1,-3,0,0,0,,-1,0,-1,-1,0,,,,,,,-1,0,,,,,,,0,1,,,,-1,,,-1,-1,,,,,,,,,,,,,,,,,,
13942.png,221,,-2,0,-1,-4,3,0,0,,-1,0,-1,-1,0,,,,,,,-1,1,,,,,,,-1,1,,,,-1,,,-1,1,,,,,,,,,,,,,,,,,,
14043.png,222,,1,0,-1,3,2,0,0,,1,0,-1,0,1,,,,,,,1,1,,,,,,,1,1,,,,0,,,1,-1,,,,,,,,,,,,,,,,,,
14326.png,223,,-2,1,-1,3,4,0,0,,-1,1,-1,0,1,,,,,,,1,1,,,,,,,1,1,,,,-1,,,1,1,,,,,,,,,,,,,,,,,,
14363.png,224,,-1,-1,-1,4,-2,0,0,,0,-1,-1,1,0,,,,,,,1,-1,,,,,,,1,-1,,,,-1,,,1,0,,,,,,,,,,,,,,,,,,
14404.png,225,,-2,-1,0,0,0,0,0,,-1,-1,0,-1,0,,,,,,,1,0,,,,,,,1,1,,,,-1,,,-1,-1,,,,,,,,,,,,,,,,,,
14442.png,226,,-2,0,1,-1,-2,0,0,,-1,0,1,-1,0,,,,,,,1,-1,,,,,,,0,0,,,,-1,,,-1,-1,,,,,,,,,,,,,,,,,,
14484.png,227,,1,1,-1,4,2,0,0,,0,1,-1,1,0,,,,,,,1,1,,,,,,,1,0,,,,1,,,1,1,,,,,,,,,,,,,,,,,,
14620.png,228,,-2,-1,0,-4,-4,0,0,,-1,-1,0,-1,-1,,,,,,,-1,-1,,,,,,,-1,-1,,,,-1,,,-1,-1,,,,,,,,,,,,,,,,,,
14633.png,229,,-2,0,-1,0,3,0,0,,-1,0,-1,-1,0,,,,,,,-1,1,,,,,,,1,1,,,,-1,,,1,1,,,,,,,,,,,,,,,,,,
14776.png,230,,-2,0,0,-2,2,0,0,,-1,0,0,-1,0,,,,,,,-1,1,,,,,,,1,1,,,,-1,,,-1,0,,,,,,,,,,,,,,,,,,
14783.png,231,,-1,0,1,-3,-3,0,0,,0,0,1,-1,0,,,,,,,-1,-1,,,,,,,0,-1,,,,-1,,,-1,-1,,,,,,,,,,,,,,,,,,
14832.png,232,,-1,0,-1,2,4,0,0,,0,0,-1,1,1,,,,,,,-1,1,,,,,,,1,1,,,,-1,,,1,1,,,,,,,,,,,,,,,,,,
14852.png,233,,-2,0,1,0,0,0,0,,-1,0,1,-1,0,,,,,,,1,0,,,,,,,1,1,,,,-1,,,-1,-1,,,,,,,,,,,,,,,,,,
15131.png,234,,-1,1,0,3,2,0,0,,0,1,0,0,0,,,,,,,1,1,,,,,,,1,1,,,,-1,,,1,0,,,,,,,,,,,,,,,,,,
15215.png,235,,1,-1,1,-2,-2,0,0,,0,-1,1,-1,0,,,,,,,-1,-1,,,,,,,1,0,,,,1,,,-1,-1,,,,,,,,,,,,,,,,,,
15418.png,236,,0,-1,-1,3,-3,0,0,,-1,-1,-1,0,-1,,,,,,,1,-1,,,,,,,1,-1,,,,1,,,1,0,,,,,,,,,,,,,,,,,,
15598.png,237,,2,1,-1,3,3,0,0,,1,1,-1,0,1,,,,,,,1,1,,,,,,,1,1,,,,1,,,1,0,,,,,,,,,,,,,,,,,,
15726.png,238,,-1,1,0,4,4,0,0,,0,1,0,1,1,,,,,,,1,1,,,,,,,1,1,,,,-1,,,1,1,,,,,,,,,,,,,,,,,,
15823.png,239,,-2,0,1,-3,3,0,0,,-1,0,1,0,0,,,,,,,-1,1,,,,,,,-1,1,,,,-1,,,-1,1,,,,,,,,,,,,,,,,,,
15872.png,240,,-2,1,0,0,3,0,0,,-1,1,0,0,1,,,,,,,0,1,,,,,,,1,1,,,,-1,,,-1,0,,,,,,,,,,,,,,,,,,
15896.png,241,,-2,-1,0,-4,-3,0,0,,-1,-1,0,-1,0,,,,,,,-1,-1,,,,,,,-1,-1,,,,-1,,,-1,-1,,,,,,,,,,,,,,,,,,
15967.png,242,,1,1,1,3,4,0,0,,0,1,1,0,1,,,,,,,1,1,,,,,,,1,1,,,,1,,,1,1,,,,,,,,,,,,,,,,,,
16049.png,243,,0,1,1,-1,4,0,0,,0,1,1,-1,1,,,,,,,-1,1,,,,,,,,1,,,,0,,,1,1,,,,,,,,,,,,,,,,,,
16065.png,244,,-2,0,-1,-1,-1,0,0,,-1,0,-1,-1,0,,,,,,,-1,0,,,,,,,0,-1,,,,-1,,,1,0,,,,,,,,,,,,,,,,,,
16068.png,245,,-2,0,-1,4,4,0,0,,-1,0,-1,1,1,,,,,,,1,1,,,,,,,1,1,,,,-1,,,1,1,,,,,,,,,,,,,,,,,,
16081.png,246,,-1,0,1,1,4,0,0,,0,0,1,0,1,,,,,,,0,1,,,,,,,,1,,,,-1,,,1,1,,,,,,,,,,,,,,,,,,
16118.png,247,,-1,0,0,1,-2,0,0,,0,0,0,0,0,,,,,,,-1,-1,,,,,,,1,-1,,,,-1,,,1,0,,,,,,,,,,,,,,,,,,
16120.png,248,,-1,0,0,0,4,0,0,,0,0,0,1,1,,,,,,,-1,1,,,,,,,1,1,,,,-1,,,-1,1,,,,,,,,,,,,,,,,,,
16218.png,249,,-2,-1,-1,-2,-2,0,0,,-1,-1,-1,-1,0,,,,,,,-1,-1,,,,,,,-1,0,,,,-1,,,1,-1,,,,,,,,,,,,,,,,,,
16240.png,250,,-2,0,0,1,3,0,0,,-1,0,0,1,0,,,,,,,1,1,,,,,,,,1,,,,-1,,,-1,1,,,,,,,,,,,,,,,,,,
16259.png,251,,-1,-1,0,-1,1,0,0,,0,-1,0,-1,0,,,,,,,-1,0,,,,,,,,1,,,,-1,,,1,0,,,,,,,,,,,,,,,,,,
16266.png,252,,0,0,0,4,4,0,0,,-1,0,0,1,1,,,,,,,1,1,,,,,,,1,1,,,,1,,,1,1,,,,,,,,,,,,,,,,,,
16375.png,253,,-1,0,0,4,2,0,0,,0,0,0,1,1,,,,,,,1,1,,,,,,,1,1,,,,-1,,,1,-1,,,,,,,,,,,,,,,,,,
16448.png,254,,2,0,0,1,4,0,0,,1,0,0,1,1,,,,,,,0,1,,,,,,,1,1,,,,1,,,-1,1,,,,,,,,,,,,,,,,,,
16455.png,255,,-2,0,0,1,4,0,0,,-1,0,0,-1,1,,,,,,,0,1,,,,,,,1,1,,,,-1,,,1,1,,,,,,,,,,,,,,,,,,
16522.png,256,,1,1,1,3,4,0,0,,0,1,1,0,1,,,,,,,1,1,,,,,,,1,1,,,,1,,,1,1,,,,,,,,,,,,,,,,,,
16656.png,257,,-2,1,1,1,4,0,0,,-1,1,1,0,1,,,,,,,1,1,,,,,,,1,1,,,,-1,,,-1,1,,,,,,,,,,,,,,,,,,
16678.png,258,,-1,0,0,2,4,0,0,,0,0,0,1,1,,,,,,,1,1,,,,,,,1,1,,,,-1,,,-1,1,,,,,,,,,,,,,,,,,,
16727.png,259,,-1,0,-1,2,0,0,0,,0,0,-1,1,0,,,,,,,1,0,,,,,,,1,-1,,,,-1,,,-1,1,,,,,,,,,,,,,,,,,,
16777.png,260,,-2,-1,-1,-4,-3,0,0,,-1,-1,-1,-1,0,,,,,,,-1,-1,,,,,,,-1,-1,,,,-1,,,-1,-1,,,,,,,,,,,,,,,,,,
16826.png,261,,-1,0,-1,-1,-3,0,0,,0,0,-1,-1,0,,,,,,,-1,-1,,,,,,,,-1,,,,-1,,,1,-1,,,,,,,,,,,,,,,,,,
16864.png,262,,1,0,1,2,2,0,0,,0,0,1,-1,0,,,,,,,1,1,,,,,,,1,1,,,,1,,,1,0,,,,,,,,,,,,,,,,,,
16883.png,263,,0,0,-1,3,4,0,0,,0,0,-1,0,1,,,,,,,1,1,,,,,,,1,1,,,,0,,,1,1,,,,,,,,,,,,,,,,,,
16912.png,264,,-2,0,0,-1,0,0,0,,-1,0,0,0,1,,,,,,,0,0,,,,,,,0,0,,,,-1,,,-1,-1,,,,,,,,,,,,,,,,,,
16917.png,265,,-1,0,-1,3,4,0,0,,0,0,-1,0,1,,,,,,,1,1,,,,,,,1,1,,,,-1,,,1,1,,,,,,,,,,,,,,,,,,
17364.png,266,,-1,0,-1,4,4,0,0,,0,0,-1,1,1,,,,,,,1,1,,,,,,,1,1,,,,-1,,,1,1,,,,,,,,,,,,,,,,,,
17412.png,267,,-2,-1,1,0,-3,0,0,,-1,-1,1,-1,0,,,,,,,-1,-1,,,,,,,1,-1,,,,-1,,,1,-1,,,,,,,,,,,,,,,,,,
17425.png,268,,-1,-1,0,0,-3,0,0,,0,-1,0,-1,0,,,,,,,-1,-1,,,,,,,1,-1,,,,-1,,,1,-1,,,,,,,,,,,,,,,,,,
17489.png,269,,-2,-1,-1,3,-3,0,0,,-1,-1,-1,0,-1,,,,,,,1,-1,,,,,,,1,-1,,,,-1,,,1,0,,,,,,,,,,,,,,,,,,
17506.png,270,,-2,-1,-1,3,-4,0,0,,-1,-1,-1,0,-1,,,,,,,1,-1,,,,,,,1,-1,,,,-1,,,1,-1,,,,,,,,,,,,,,,,,,
17507.png,271,,-2,-1,-1,1,1,0,0,,-1,-1,-1,0,0,,,,,,,0,0,,,,,,,,0,,,,-1,,,1,1,,,,,,,,,,,,,,,,,,
17647.png,272,,-2,-1,1,-3,3,0,0,,-1,-1,1,0,0,,,,,,,-1,1,,,,,,,-1,1,,,,-1,,,-1,1,,,,,,,,,,,,,,,,,,
17686.png,273,,-1,1,-1,-1,1,0,0,,0,1,-1,0,1,,,,,,,0,0,,,,,,,0,1,,,,-1,,,-1,-1,,,,,,,,,,,,,,,,,,
17701.png,274,,-2,0,-1,-1,-2,0,0,,-1,0,-1,0,-1,,,,,,,-1,-1,,,,,,,-1,-1,,,,-1,,,1,1,,,,,,,,,,,,,,,,,,
17713.png,275,,-2,0,1,-4,-3,0,0,,-1,0,1,-1,0,,,,,,,-1,-1,,,,,,,-1,-1,,,,-1,,,-1,-1,,,,,,,,,,,,,,,,,,
17816.png,276,,-2,0,1,3,4,0,0,,-1,0,1,0,1,,,,,,,1,1,,,,,,,1,1,,,,-1,,,1,1,,,,,,,,,,,,,,,,,,
17988.png,277,,-2,0,0,3,2,0,0,,-1,0,0,0,0,,,,,,,1,0,,,,,,,1,1,,,,-1,,,1,1,,,,,,,,,,,,,,,,,,
18022.png,278,,-2,0,-1,1,0,0,0,,-1,0,-1,0,0,,,,,,,1,0,,,,,,,1,1,,,,-1,,,-1,-1,,,,,,,,,,,,,,,,,,
18171.png,279,,1,0,1,-1,0,0,0,,0,0,1,-1,0,,,,,,,0,-1,,,,,,,1,1,,,,1,,,-1,0,,,,,,,,,,,,,,,,,,
18185.png,280,,-2,0,1,3,1,0,0,,-1,0,1,0,0,,,,,,,1,0,,,,,,,1,0,,,,-1,,,1,1,,,,,,,,,,,,,,,,,,
18279.png,281,,-2,0,-1,3,1,0,0,,-1,0,-1,0,0,,,,,,,1,0,,,,,,,1,0,,,,-1,,,1,1,,,,,,,,,,,,,,,,,,
18307.png,282,,2,1,1,2,4,0,0,,1,1,1,1,1,,,,,,,1,1,,,,,,,,1,,,,1,,,0,1,,,,,,,,,,,,,,,,,,
18341.png,283,,-2,1,1,1,4,0,0,,-1,1,1,0,1,,,,,,,1,1,,,,,,,1,1,,,,-1,,,-1,1,,,,,,,,,,,,,,,,,,
18344.png,284,,-2,0,1,3,0,0,0,,-1,0,1,0,0,,,,,,,1,0,,,,,,,1,1,,,,-1,,,1,-1,,,,,,,,,,,,,,,,,,
18398.png,285,,-2,0,1,1,2,0,0,,-1,0,1,-1,0,,,,,,,0,1,,,,,,,1,1,,,,-1,,,1,0,,,,,,,,,,,,,,,,,,
18472.png,286,,-2,0,-1,-2,-3,0,0,,-1,0,-1,-1,0,,,,,,,-1,-1,,,,,,,-1,-1,,,,-1,,,1,-1,,,,,,,,,,,,,,,,,,
18547.png,287,,-2,0,1,2,2,0,0,,-1,0,1,1,0,,,,,,,1,1,,,,,,,1,0,,,,-1,,,-1,1,,,,,,,,,,,,,,,,,,
18691.png,288,,-1,-1,0,1,0,0,0,,0,-1,0,-1,0,,,,,,,0,0,,,,,,,1,1,,,,-1,,,1,-1,,,,,,,,,,,,,,,,,,
18760.png,289,,-2,-1,0,-1,0,0,0,,-1,-1,0,0,0,,,,,,,0,0,,,,,,,0,-1,,,,-1,,,-1,1,,,,,,,,,,,,,,,,,,
18765.png,290,,-2,-1,1,-1,2,0,0,,-1,-1,1,-1,0,,,,,,,0,1,,,,,,,1,1,,,,-1,,,-1,0,,,,,,,,,,,,,,,,,,
18822.png,291,,-2,-1,-1,-4,0,0,0,,-1,-1,-1,-1,0,,,,,,,-1,0,,,,,,,-1,1,,,,-1,,,-1,-1,,,,,,,,,,,,,,,,,,
19029.png,292,,-2,0,-1,1,4,0,0,,-1,0,-1,-1,1,,,,,,,0,1,,,,,,,1,1,,,,-1,,,1,1,,,,,,,,,,,,,,,,,,
19151.png,293,,2,1,-1,4,4,0,0,,1,1,-1,1,1,,,,,,,1,1,,,,,,,1,1,,,,1,,,1,1,,,,,,,,,,,,,,,,,,
19152.png,294,,-2,-1,1,-4,-4,0,0,,-1,-1,1,-1,-1,,,,,,,-1,-1,,,,,,,-1,-1,,,,-1,,,-1,-1,,,,,,,,,,,,,,,,,,
19165.png,295,,2,-1,-1,4,0,0,0,,1,-1,-1,1,0,,,,,,,1,0,,,,,,,1,0,,,,1,,,1,0,,,,,,,,,,,,,,,,,,
19554.png,296,,-1,0,-1,4,4,0,0,,0,0,-1,1,1,,,,,,,1,1,,,,,,,1,1,,,,-1,,,1,1,,,,,,,,,,,,,,,,,,
19598.png,297,,-2,0,-1,4,0,0,0,,-1,0,-1,1,0,,,,,,,1,-1,,,,,,,1,0,,,,-1,,,1,1,,,,,,,,,,,,,,,,,,
19794.png,298,,-2,0,-1,-4,-4,0,0,,-1,0,-1,-1,-1,,,,,,,-1,-1,,,,,,,-1,-1,,,,-1,,,-1,-1,,,,,,,,,,,,,,,,,,
19796.png,299,,2,-1,-1,0,1,0,0,,1,-1,-1,-1,-1,,,,,,,-1,1,,,,,,,1,1,,,,1,,,1,0,,,,,,,,,,,,,,,,,,
19799.png,300,,-1,-1,-1,4,2,0,0,,-1,-1,-1,1,-1,,,,,,,1,1,,,,,,,1,1,,,,0,,,1,1,,,,,,,,,,,,,,,,,,
19800.png,301,,-2,-1,-1,-4,-4,0,0,,-1,-1,-1,-1,-1,,,,,,,-1,-1,,,,,,,-1,-1,,,,-1,,,-1,-1,,,,,,,,,,,,,,,,,,
19802.png,302,,-2,-1,-1,4,-3,0,0,,-1,-1,-1,1,0,,,,,,,1,-1,,,,,,,1,-1,,,,-1,,,1,-1,,,,,,,,,,,,,,,,,,
19804.png,303,,-2,-1,-1,-2,-1,0,0,,-1,-1,-1,-1,0,,,,,,,-1,-1,,,,,,,-1,1,,,,-1,,,1,-1,,,,,,,,,,,,,,,,,,
19811.png,304,,-2,-1,-1,1,4,0,0,,-1,-1,-1,0,1,,,,,,,1,1,,,,,,,1,1,,,,-1,,,-1,1,,,,,,,,,,,,,,,,,,
19812.png,305,,-2,-1,1,1,0,0,0,,-1,-1,1,0,0,,,,,,,1,0,,,,,,,1,1,,,,-1,,,-1,-1,,,,,,,,,,,,,,,,,,
19817.png,306,,-1,0,-1,4,3,0,0,,0,0,-1,1,0,,,,,,,1,1,,,,,,,1,1,,,,-1,,,1,1,,,,,,,,,,,,,,,,,,
19818.png,307,,-2,0,-1,-3,3,0,0,,-1,0,-1,0,0,,,,,,,-1,1,,,,,,,-1,1,,,,-1,,,-1,1,,,,,,,,,,,,,,,,,,
19824.png,308,,-2,-1,-1,-1,-3,0,0,,-1,-1,-1,0,0,,,,,,,-1,-1,,,,,,,-1,-1,,,,-1,,,1,-1,,,,,,,,,,,,,,,,,,
19830.png,309,,-1,0,-1,-3,-3,0,0,,0,0,-1,0,0,,,,,,,-1,-1,,,,,,,-1,-1,,,,-1,,,-1,-1,,,,,,,,,,,,,,,,,,
19831.png,310,,-2,0,-1,-3,0,0,0,,-1,0,-1,0,0,,,,,,,-1,0,,,,,,,-1,0,,,,-1,,,-1,0,,,,,,,,,,,,,,,,,,
19833.png,311,,-2,0,-1,3,4,0,0,,-1,0,-1,0,1,,,,,,,1,1,,,,,,,1,1,,,,-1,,,1,1,,,,,,,,,,,,,,,,,,
19838.png,312,,1,1,1,4,4,0,0,,0,1,1,1,1,,,,,,,1,1,,,,,,,1,1,,,,1,,,1,1,,,,,,,,,,,,,,,,,,
19841.png,313,,1,1,1,3,3,0,0,,0,1,1,0,0,,,,,,,1,1,,,,,,,1,1,,,,1,,,1,1,,,,,,,,,,,,,,,,,,
19847.png,314,,-2,0,-1,-1,0,0,0,,-1,0,-1,-1,0,,,,,,,-1,0,,,,,,,0,-1,,,,-1,,,1,1,,,,,,,,,,,,,,,,,,
19848.png,315,,0,-1,-1,-4,3,0,0,,-1,-1,-1,-1,0,,,,,,,-1,1,,,,,,,-1,1,,,,1,,,-1,1,,,,,,,,,,,,,,,,,,
19849.png,316,,-2,-1,-1,-4,0,0,0,,-1,-1,-1,-1,0,,,,,,,-1,0,,,,,,,-1,-1,,,,-1,,,-1,1,,,,,,,,,,,,,,,,,,
19853.png,317,,1,1,-1,-3,3,0,0,,0,1,-1,0,0,,,,,,,-1,1,,,,,,,-1,1,,,,1,,,-1,1,,,,,,,,,,,,,,,,,,
19857.png,318,,-1,-1,-1,-2,-1,0,0,,0,-1,-1,-1,-1,,,,,,,-1,0,,,,,,,-1,1,,,,-1,,,1,-1,,,,,,,,,,,,,,,,,,
19858.png,319,,-2,1,1,1,3,0,0,,-1,1,1,0,0,,,,,,,1,1,,,,,,,1,1,,,,-1,,,-1,1,,,,,,,,,,,,,,,,,,
19859.png,320,,0,0,-1,3,1,0,0,,0,0,-1,0,0,,,,,,,1,0,,,,,,,1,1,,,,0,,,1,0,,,,,,,,,,,,,,,,,,
19860.png,321,,-1,0,-1,4,3,0,0,,0,0,-1,1,0,,,,,,,1,1,,,,,,,1,1,,,,-1,,,1,1,,,,,,,,,,,,,,,,,,
19862.png,322,,0,0,1,1,4,0,0,,0,0,1,0,1,,,,,,,1,1,,,,,,,1,1,,,,0,,,-1,1,,,,,,,,,,,,,,,,,,
19863.png,323,,2,-1,0,3,0,0,0,,1,-1,0,0,0,,,,,,,1,0,,,,,,,1,1,,,,1,,,1,-1,,,,,,,,,,,,,,,,,,
19864.png,324,,-2,0,1,-3,3,0,0,,-1,0,1,0,0,,,,,,,-1,1,,,,,,,-1,1,,,,-1,,,-1,1,,,,,,,,,,,,,,,,,,
19867.png,325,,0,0,1,-1,2,0,0,,-1,0,1,-1,0,,,,,,,0,0,,,,,,,1,1,,,,1,,,-1,1,,,,,,,,,,,,,,,,,,
19873.png,326,,2,1,0,3,3,0,0,,1,1,0,0,0,,,,,,,1,1,,,,,,,1,1,,,,1,,,1,1,,,,,,,,,,,,,,,,,,
19887.png,327,,-2,-1,-1,-2,0,0,0,,-1,-1,-1,-1,0,,,,,,,-1,0,,,,,,,-1,1,,,,-1,,,1,-1,,,,,,,,,,,,,,,,,,
19890.png,328,,-2,0,-1,-1,2,0,0,,-1,0,-1,-1,0,,,,,,,0,0,,,,,,,1,1,,,,-1,,,-1,1,,,,,,,,,,,,,,,,,,
19892.png,329,,1,-1,-1,2,2,0,0,,0,-1,-1,1,0,,,,,,,1,1,,,,,,,1,1,,,,1,,,-1,0,,,,,,,,,,,,,,,,,,
19896.png,330,,0,0,0,-4,3,0,0,,-1,0,0,-1,0,,,,,,,-1,1,,,,,,,-1,1,,,,1,,,-1,1,,,,,,,,,,,,,,,,,,
19899.png,331,,-2,0,0,2,3,0,0,,-1,0,0,1,0,,,,,,,1,1,,,,,,,1,1,,,,-1,,,-1,1,,,,,,,,,,,,,,,,,,
19903.png,332,,-1,0,1,1,3,0,0,,-1,0,1,0,0,,,,,,,1,1,,,,,,,1,1,,,,0,,,-1,1,,,,,,,,,,,,,,,,,,
19905.png,333,,-1,0,1,4,4,0,0,,0,0,1,1,1,,,,,,,1,1,,,,,,,1,1,,,,-1,,,1,1,,,,,,,,,,,,,,,,,,
19906.png,334,,-2,0,0,2,4,0,0,,-1,0,0,1,1,,,,,,,-1,1,,,,,,,1,1,,,,-1,,,1,1,,,,,,,,,,,,,,,,,,
19909.png,335,,-2,0,1,-1,3,0,0,,-1,0,1,-1,0,,,,,,,0,1,,,,,,,1,1,,,,-1,,,-1,1,,,,,,,,,,,,,,,,,,
19912.png,336,,0,-1,-1,-4,-4,0,0,,0,-1,-1,-1,-1,,,,,,,-1,-1,,,,,,,-1,-1,,,,0,,,-1,-1,,,,,,,,,,,,,,,,,,
19913.png,337,,1,-1,0,1,1,0,0,,0,-1,0,-1,-1,,,,,,,0,1,,,,,,,1,1,,,,1,,,1,0,,,,,,,,,,,,,,,,,,
19917.png,338,,-2,0,1,-4,2,0,0,,-1,0,1,-1,0,,,,,,,-1,1,,,,,,,-1,1,,,,-1,,,-1,0,,,,,,,,,,,,,,,,,,
19925.png,339,,-2,0,1,-4,0,0,0,,-1,0,1,-1,0,,,,,,,-1,0,,,,,,,-1,1,,,,-1,,,-1,-1,,,,,,,,,,,,,,,,,,
19926.png,340,,-2,0,-1,4,3,0,0,,-1,0,-1,1,0,,,,,,,1,1,,,,,,,1,1,,,,-1,,,1,1,,,,,,,,,,,,,,,,,,
19930.png,341,,-1,0,1,3,3,0,0,,0,0,1,0,0,,,,,,,1,1,,,,,,,1,1,,,,-1,,,1,1,,,,,,,,,,,,,,,,,,
19933.png,342,,-2,0,1,-4,2,0,0,,-1,0,1,-1,0,,,,,,,-1,1,,,,,,,-1,1,,,,-1,,,-1,0,,,,,,,,,,,,,,,,,,
19935.png,343,,1,0,0,1,3,0,0,,0,0,0,0,0,,,,,,,1,1,,,,,,,1,1,,,,1,,,-1,1,,,,,,,,,,,,,,,,,,
19939.png,344,,-2,-1,1,-4,-4,0,0,,-1,-1,1,-1,-1,,,,,,,-1,-1,,,,,,,-1,-1,,,,-1,,,-1,-1,,,,,,,,,,,,,,,,,,
19948.png,345,,-1,0,-1,0,0,0,0,,0,0,-1,-1,0,,,,,,,0,0,,,,,,,0,1,,,,-1,,,1,-1,,,,,,,,,,,,,,,,,,
19957.png,346,,-2,-1,-1,3,-1,0,0,,-1,-1,-1,1,-1,,,,,,,1,0,,,,,,,0,-1,,,,-1,,,1,1,,,,,,,,,,,,,,,,,,
19962.png,347,,1,0,-1,1,3,0,0,,0,0,-1,-1,0,,,,,,,0,1,,,,,,,1,1,,,,1,,,1,1,,,,,,,,,,,,,,,,,,
19971.png,348,,2,-1,-1,-4,2,0,0,,1,-1,-1,-1,0,,,,,,,-1,1,,,,,,,-1,1,,,,1,,,-1,0,,,,,,,,,,,,,,,,,,
19972.png,349,,1,1,-1,1,4,0,0,,1,1,-1,0,1,,,,,,,1,1,,,,,,,1,1,,,,0,,,-1,1,,,,,,,,,,,,,,,,,,
19973.png,350,,-2,0,-1,1,3,0,0,,-1,0,-1,0,0,,,,,,,1,1,,,,,,,1,1,,,,-1,,,-1,1,,,,,,,,,,,,,,,,,,
19974.png,351,,-2,0,-1,-2,2,0,0,,-1,0,-1,-1,0,,,,,,,-1,0,,,,,,,-1,1,,,,-1,,,1,1,,,,,,,,,,,,,,,,,,
19975.png,352,,2,0,-1,4,2,0,0,,1,0,-1,1,0,,,,,,,1,1,,,,,,,1,1,,,,1,,,1,0,,,,,,,,,,,,,,,,,,
19978.png,353,,-2,0,-1,-4,0,0,0,,-1,0,-1,-1,0,,,,,,,-1,0,,,,,,,-1,1,,,,-1,,,-1,-1,,,,,,,,,,,,,,,,,,
19990.png,354,,0,0,-1,1,3,0,0,,0,0,-1,-1,0,,,,,,,0,1,,,,,,,1,1,,,,0,,,1,1,,,,,,,,,,,,,,,,,,
19992.png,355,,0,-1,1,-4,2,0,0,,-1,-1,1,-1,-1,,,,,,,-1,1,,,,,,,-1,1,,,,1,,,-1,1,,,,,,,,,,,,,,,,,,
19993.png,356,,-2,-1,1,-2,-1,0,0,,-1,-1,1,-1,-1,,,,,,,-1,0,,,,,,,-1,1,,,,-1,,,1,-1,,,,,,,,,,,,,,,,,,
19999.png,357,,-2,0,1,-1,3,0,0,,-1,0,1,0,0,,,,,,,-1,1,,,,,,,-1,1,,,,-1,,,1,1,,,,,,,,,,,,,,,,,,
20000.png,358,,-2,0,1,-4,0,0,0,,-1,0,1,-1,0,,,,,,,-1,0,,,,,,,-1,1,,,,-1,,,-1,-1,,,,,,,,,,,,,,,,,,
20004.png,359,,-2,0,-1,-1,3,0,0,,-1,0,-1,-1,0,,,,,,,0,1,,,,,,,1,1,,,,-1,,,-1,1,,,,,,,,,,,,,,,,,,
20005.png,360,,-2,0,-1,4,0,0,0,,-1,0,-1,1,0,,,,,,,1,0,,,,,,,1,-1,,,,-1,,,1,1,,,,,,,,,,,,,,,,,,
20006.png,361,,-1,-1,-1,-4,-4,0,0,,-1,-1,-1,-1,-1,,,,,,,-1,-1,,,,,,,-1,-1,,,,0,,,-1,-1,,,,,,,,,,,,,,,,,,
20008.png,362,,0,-1,-1,2,0,0,0,,0,-1,-1,-1,0,,,,,,,1,0,,,,,,,1,0,,,,0,,,1,0,,,,,,,,,,,,,,,,,,
20009.png,363,,2,0,1,3,2,0,0,,1,0,1,0,0,,,,,,,1,1,,,,,,,1,1,,,,1,,,1,0,,,,,,,,,,,,,,,,,,
20011.png,364,,-2,0,-1,-3,3,0,0,,-1,0,-1,0,0,,,,,,,-1,1,,,,,,,-1,1,,,,-1,,,-1,1,,,,,,,,,,,,,,,,,,
20015.png,365,,1,0,0,3,3,0,0,,0,0,,0,0,,,,,,,1,1,,,,,,,1,1,,,,1,,,1,1,,,,,,,,,,,,,,,,,,
20020.png,366,,1,0,-1,3,4,0,0,,0,0,-1,0,1,,,,,,,1,1,,,,,,,1,1,,,,1,,,1,1,,,,,,,,,,,,,,,,,,
20022.png,367,,1,0,-1,3,4,0,0,,0,0,-1,0,1,,,,,,,1,1,,,,,,,1,1,,,,1,,,1,1,,,,,,,,,,,,,,,,,,
20032.png,368,,-1,-1,0,1,2,0,0,,-1,-1,0,-1,0,,,,,,,0,1,,,,,,,1,1,,,,0,,,1,0,,,,,,,,,,,,,,,,,,
20040.png,369,,-2,-1,-1,-4,3,0,0,,-1,-1,-1,-1,0,,,,,,,-1,1,,,,,,,-1,1,,,,-1,,,-1,1,,,,,,,,,,,,,,,,,,
20043.png,370,,0,-1,-1,2,3,0,0,,-1,-1,-1,0,0,,,,,,,0,1,,,,,,,1,1,,,,1,,,1,1,,,,,,,,,,,,,,,,,,
20046.png,371,,-1,-1,-1,4,-1,0,0,,-1,-1,-1,1,-1,,,,,,,1,0,,,,,,,1,-1,,,,0,,,1,1,,,,,,,,,,,,,,,,,,
20053.png,372,,-2,0,-1,4,3,0,0,,-1,0,-1,1,0,,,,,,,1,1,,,,,,,1,1,,,,-1,,,1,1,,,,,,,,,,,,,,,,,,
20059.png,373,,-2,0,-1,2,4,0,0,,-1,0,-1,1,1,,,,,,,1,1,,,,,,,1,1,,,,-1,,,-1,1,,,,,,,,,,,,,,,,,,
20060.png,374,,1,0,0,3,4,0,0,,0,0,0,0,1,,,,,,,1,1,,,,,,,1,1,,,,1,,,1,1,,,,,,,,,,,,,,,,,,
20063.png,375,,-2,0,-1,4,3,0,0,,-1,0,-1,1,0,,,,,,,1,1,,,,,,,1,1,,,,-1,,,1,1,,,,,,,,,,,,,,,,,,
20067.png,376,,0,-1,-1,-2,-3,0,0,,0,-1,-1,-1,-1,,,,,,,-1,-1,,,,,,,-1,-1,,,,0,,,1,0,,,,,,,,,,,,,,,,,,
20071.png,377,,-2,0,-1,-1,-1,0,0,,-1,0,-1,-1,0,,,,,,,0,-1,,,,,,,1,1,,,,-1,,,-1,-1,,,,,,,,,,,,,,,,,,
20072.png,378,,-2,1,-1,1,3,0,0,,-1,1,-1,1,0,,,,,,,0,1,,,,,,,1,1,,,,-1,,,-1,1,,,,,,,,,,,,,,,,,,
20073.png,379,,-1,0,-1,2,2,0,0,,-1,0,-1,1,-1,,,,,,,1,1,,,,,,,-1,1,,,,0,,,1,1,,,,,,,,,,,,,,,,,,
20077.png,380,,2,0,0,1,2,0,0,,1,0,0,-1,0,,,,,,,1,1,,,,,,,1,1,,,,1,,,0,0,,,,,,,,,,,,,,,,,,
20084.png,381,,-2,0,0,4,3,0,0,,-1,0,,1,0,,,,,,,1,1,,,,,,,1,1,,,,-1,,,1,1,,,,,,,,,,,,,,,,,,
20089.png,382,,-2,0,-1,-4,0,0,0,,-1,0,-1,-1,0,,,,,,,-1,0,,,,,,,-1,-1,,,,-1,,,-1,1,,,,,,,,,,,,,,,,,,
20092.png,383,,-1,-1,0,-4,-4,0,0,,-1,-1,0,-1,-1,,,,,,,-1,-1,,,,,,,-1,-1,,,,0,,,-1,-1,,,,,,,,,,,,,,,,,,
20098.png,384,,-2,-1,0,-3,3,0,0,,-1,-1,0,0,0,,,,,,,-1,1,,,,,,,-1,1,,,,-1,,,-1,1,,,,,,,,,,,,,,,,,,
20101.png,385,,-2,0,1,-2,3,0,0,,-1,0,1,-1,0,,,,,,,1,1,,,,,,,-1,1,,,,-1,,,-1,1,,,,,,,,,,,,,,,,,,
20104.png,386,,-1,1,-1,3,4,0,0,,0,1,-1,0,1,,,,,,,1,1,,,,,,,1,1,,,,-1,,,1,1,,,,,,,,,,,,,,,,,,
20106.png,387,,-1,0,-1,2,4,0,0,,0,0,-1,1,1,,,,,,,1,1,,,,,,,1,1,,,,-1,,,-1,1,,,,,,,,,,,,,,,,,,
20120.png,388,,-2,0,1,-4,-4,0,0,,-1,0,1,-1,-1,,,,,,,-1,-1,,,,,,,-1,-1,,,,-1,,,-1,-1,,,,,,,,,,,,,,,,,,
20121.png,389,,-1,1,0,3,4,0,0,,0,1,0,0,1,,,,,,,1,1,,,,,,,1,1,,,,-1,,,1,1,,,,,,,,,,,,,,,,,,
20124.png,390,,-1,0,-1,1,0,0,0,,0,0,-1,-1,0,,,,,,,0,0,,,,,,,1,0,,,,-1,,,1,0,,,,,,,,,,,,,,,,,,
20126.png,391,,-2,0,1,-4,0,0,0,,-1,0,1,-1,0,,,,,,,-1,0,,,,,,,-1,1,,,,-1,,,-1,-1,,,,,,,,,,,,,,,,,,
20144.png,392,,0,1,0,4,3,0,0,,0,1,0,1,0,,,,,,,1,1,,,,,,,1,1,,,,0,,,1,1,,,,,,,,,,,,,,,,,,
20155.png,393,,-2,-1,0,-2,-4,0,0,,-1,-1,0,-1,-1,,,,,,,-1,-1,,,,,,,-1,-1,,,,-1,,,1,-1,,,,,,,,,,,,,,,,,,
20157.png,394,,-1,0,1,-1,3,0,0,,-1,0,1,0,0,,,,,,,-1,1,,,,,,,1,1,,,,0,,,-1,1,,,,,,,,,,,,,,,,,,
20158.png,395,,-2,0,1,-4,-1,0,0,,-1,0,1,-1,-1,,,,,,,-1,0,,,,,,,-1,1,,,,-1,,,-1,-1,,,,,,,,,,,,,,,,,,
20160.png,396,,-2,0,1,1,3,0,0,,-1,0,1,-1,0,,,,,,,1,1,,,,,,,1,1,,,,-1,,,0,1,,,,,,,,,,,,,,,,,,
20162.png,397,,2,1,1,3,4,0,0,,1,1,1,0,1,,,,,,,1,1,,,,,,,1,1,,,,1,,,1,1,,,,,,,,,,,,,,,,,,
20170.png,398,,-2,0,-1,3,4,0,0,,-1,0,-1,1,1,,,,,,,0,1,,,,,,,1,1,,,,-1,,,1,1,,,,,,,,,,,,,,,,,,
20172.png,399,,-2,-1,1,-4,-1,0,0,,-1,-1,1,-1,-1,,,,,,,-1,0,,,,,,,-1,1,,,,-1,,,-1,-1,,,,,,,,,,,,,,,,,,
20173.png,400,,-1,0,-1,-2,-4,0,0,,-1,0,-1,-1,-1,,,,,,,-1,-1,,,,,,,-1,-1,,,,0,,,1,-1,,,,,,,,,,,,,,,,,,
20177.png,401,,-2,1,1,-3,3,0,0,,-1,1,1,0,0,,,,,,,-1,1,,,,,,,-1,1,,,,-1,,,-1,1,,,,,,,,,,,,,,,,,,
20185.png,402,,-2,-1,1,-4,-1,0,0,,-1,-1,1,-1,-1,,,,,,,-1,0,,,,,,,-1,-1,,,,-1,,,-1,1,,,,,,,,,,,,,,,,,,
20187.png,403,,-2,0,1,-1,3,0,0,,-1,0,1,-1,0,,,,,,,0,1,,,,,,,1,1,,,,-1,,,-1,1,,,,,,,,,,,,,,,,,,
20190.png,404,,-2,-1,0,-4,-2,0,0,,-1,-1,0,-1,0,,,,,,,-1,-1,,,,,,,-1,0,,,,-1,,,-1,-1,,,,,,,,,,,,,,,,,,
20192.png,405,,-1,-1,-1,-2,-4,0,0,,0,-1,-1,-1,-1,,,,,,,-1,-1,,,,,,,1,-1,,,,-1,,,-1,-1,,,,,,,,,,,,,,,,,,
20228.png,406,,1,-1,0,0,-3,0,0,,0,-1,0,-1,-1,,,,,,,1,-1,,,,,,,1,-1,,,,1,,,-1,0,,,,,,,,,,,,,,,,,,
20230.png,407,,1,1,-1,-1,4,0,0,,0,1,-1,-1,1,,,,,,,0,1,,,,,,,1,1,,,,1,,,-1,1,,,,,,,,,,,,,,,,,,
20239.png,408,,-2,1,-1,-1,3,0,0,,-1,1,-1,-1,0,,,,,,,0,1,,,,,,,1,1,,,,-1,,,-1,1,,,,,,,,,,,,,,,,,,
20241.png,409,,2,-1,-1,2,2,0,0,,1,-1,-1,-1,0,,,,,,,1,1,,,,,,,1,1,,,,1,,,1,0,,,,,,,,,,,,,,,,,,
20242.png,410,,-2,-1,1,-4,-1,0,0,,-1,-1,1,-1,-1,,,,,,,-1,0,,,,,,,-1,1,,,,-1,,,-1,-1,,,,,,,,,,,,,,,,,,
20246.png,411,,-2,0,-1,-2,3,0,0,,-1,0,-1,-1,0,,,,,,,-1,1,,,,,,,-1,1,,,,-1,,,1,1,,,,,,,,,,,,,,,,,,
20253.png,412,,-2,1,1,-1,4,0,0,,-1,1,1,-1,1,,,,,,,0,1,,,,,,,1,1,,,,-1,,,-1,1,,,,,,,,,,,,,,,,,,
20254.png,413,,1,-1,1,2,2,0,0,,0,-1,1,-1,0,,,,,,,1,1,,,,,,,1,1,,,,1,,,1,0,,,,,,,,,,,,,,,,,,
20255.png,414,,-2,-1,-1,-4,-4,0,0,,-1,-1,-1,-1,-1,,,,,,,-1,-1,,,,,,,-1,-1,,,,-1,,,-1,-1,,,,,,,,,,,,,,,,,,
20257.png,415,,-2,-1,-1,-4,-2,0,0,,-1,-1,-1,-1,-1,,,,,,,-1,-1,,,,,,,-1,1,,,,-1,,,-1,-1,,,,,,,,,,,,,,,,,,
20258.png,416,,0,0,0,-4,2,0,0,,0,0,0,-1,0,,,,,,,-1,0,,,,,,,-1,1,,,,0,,,-1,1,,,,,,,,,,,,,,,,,,
20265.png,417,,1,0,0,0,4,0,0,,0,0,0,-1,1,,,,,,,1,1,,,,,,,1,1,,,,1,,,-1,1,,,,,,,,,,,,,,,,,,
20276.png,418,,-2,-1,0,-4,-3,0,0,,-1,-1,0,-1,0,,,,,,,-1,-1,,,,,,,-1,-1,,,,-1,,,-1,-1,,,,,,,,,,,,,,,,,,
20277.png,419,,-2,0,0,3,3,0,0,,-1,0,0,0,0,,,,,,,1,1,,,,,,,1,1,,,,-1,,,1,1,,,,,,,,,,,,,,,,,,
20282.png,420,,1,1,0,2,3,0,0,,0,1,0,-1,0,,,,,,,1,1,,,,,,,1,1,,,,1,,,1,1,,,,,,,,,,,,,,,,,,
20285.png,421,,1,0,-1,-4,3,0,0,,0,0,-1,-1,0,,,,,,,-1,1,,,,,,,-1,1,,,,1,,,-1,1,,,,,,,,,,,,,,,,,,
20299.png,422,,-1,0,-1,2,-3,0,0,,0,0,-1,-1,-1,,,,,,,1,-1,,,,,,,1,-1,,,,-1,,,1,0,,,,,,,,,,,,,,,,,,
20305.png,423,,-1,1,1,-2,3,0,0,,0,1,1,-1,1,,,,,,,-1,1,,,,,,,1,,,,,-1,,,-1,1,,,,,,,,,,,,,,,,,,
20311.png,424,,-2,-1,-1,-4,-3,0,0,,-1,-1,-1,-1,0,,,,,,,-1,-1,,,,,,,-1,-1,,,,-1,,,-1,-1,,,,,,,,,,,,,,,,,,
20317.png,425,,0,0,-1,4,1,0,0,,0,0,-1,1,1,,,,,,,1,0,,,,,,,1,1,,,,0,,,1,-1,,,,,,,,,,,,,,,,,,
20319.png,426,,-2,1,-1,3,4,0,0,,-1,1,-1,0,1,,,,,,,1,1,,,,,,,1,1,,,,-1,,,1,1,,,,,,,,,,,,,,,,,,
20321.png,427,,-2,-1,-1,-1,-4,0,0,,-1,-1,-1,-1,-1,,,,,,,0,-1,,,,,,,1,-1,,,,-1,,,-1,-1,,,,,,,,,,,,,,,,,,
20324.png,428,,-2,0,1,-4,3,0,0,,-1,0,1,-1,0,,,,,,,-1,1,,,,,,,-1,1,,,,-1,,,-1,1,,,,,,,,,,,,,,,,,,
20331.png,429,,2,0,0,3,3,0,0,,1,0,0,0,0,,,,,,,1,1,,,,,,,1,1,,,,1,,,1,1,,,,,,,,,,,,,,,,,,
20335.png,430,,1,0,-1,4,4,0,0,,0,0,-1,1,1,,,,,,,1,1,,,,,,,1,1,,,,1,,,1,1,,,,,,,,,,,,,,,,,,
20341.png,431,,1,0,-1,4,3,0,0,,0,0,-1,1,0,,,,,,,1,1,,,,,,,1,1,,,,1,,,1,1,,,,,,,,,,,,,,,,,,
20350.png,432,,-1,-1,1,-4,3,0,0,,-1,-1,1,-1,0,,,,,,,-1,1,,,,,,,-1,1,,,,0,,,-1,1,,,,,,,,,,,,,,,,,,
20352.png,433,,-2,-1,1,-2,2,0,0,,-1,-1,1,-1,0,,,,,,,-1,1,,,,,,,-1,1,,,,-1,,,1,0,,,,,,,,,,,,,,,,,,
20358.png,434,,-2,0,1,1,2,0,0,,-1,0,1,-1,0,,,,,,,0,0,,,,,,,1,1,,,,-1,,,1,1,,,,,,,,,,,,,,,,,,
20363.png,435,,-2,0,1,2,3,0,0,,-1,0,1,-1,0,,,,,,,1,1,,,,,,,1,1,,,,-1,,,1,1,,,,,,,,,,,,,,,,,,
20367.png,436,,-2,0,0,2,3,0,0,,-1,0,0,-1,0,,,,,,,1,1,,,,,,,1,1,,,,-1,,,1,1,,,,,,,,,,,,,,,,,,
20372.png,437,,-1,0,-1,3,2,0,0,,0,0,-1,0,0,,,,,,,1,0,,,,,,,1,1,,,,-1,,,1,1,,,,,,,,,,,,,,,,,,
20387.png,438,,-2,-1,1,-4,3,0,0,,-1,-1,1,-1,0,,,,,,,-1,1,,,,,,,-1,1,,,,-1,,,-1,1,,,,,,,,,,,,,,,,,,
20389.png,439,,-1,-1,1,2,3,0,0,,-1,-1,1,-1,0,,,,,,,1,1,,,,,,,1,1,,,,0,,,1,1,,,,,,,,,,,,,,,,,,
20391.png,440,,1,-1,1,0,3,0,0,,0,-1,1,-1,0,,,,,,,1,1,,,,,,,1,1,,,,1,,,-1,1,,,,,,,,,,,,,,,,,,
20404.png,441,,-2,0,-1,3,3,0,0,,-1,0,-1,1,0,,,,,,,0,1,,,,,,,1,1,,,,-1,,,1,1,,,,,,,,,,,,,,,,,,
20412.png,442,,0,0,-1,3,2,0,0,,-1,0,-1,0,0,,,,,,,1,1,,,,,,,1,1,,,,1,,,1,0,,,,,,,,,,,,,,,,,,
20416.png,443,,2,-1,-1,3,0,0,0,,1,-1,-1,0,0,,,,,,,1,0,,,,,,,1,1,,,,1,,,1,-1,,,,,,,,,,,,,,,,,,
20420.png,444,,-1,-1,-1,1,3,0,0,,0,-1,-1,-1,0,,,,,,,0,1,,,,,,,1,1,,,,-1,,,1,1,,,,,,,,,,,,,,,,,,
20424.png,445,,-2,0,-1,-4,-4,0,0,,-1,0,-1,-1,-1,,,,,,,-1,-1,,,,,,,-1,-1,,,,-1,,,-1,-1,,,,,,,,,,,,,,,,,,
20426.png,446,,-2,0,-1,4,0,0,0,,-1,0,-1,1,0,,,,,,,1,0,,,,,,,1,-1,,,,-1,,,1,1,,,,,,,,,,,,,,,,,,
20432.png,447,,-2,-1,-1,4,-1,0,0,,-1,-1,-1,1,0,,,,,,,1,-1,,,,,,,1,-1,,,,-1,,,1,1,,,,,,,,,,,,,,,,,,
20437.png,448,,-1,-1,0,-1,2,0,0,,0,-1,0,-1,0,,,,,,,0,0,,,,,,,1,1,,,,-1,,,-1,1,,,,,,,,,,,,,,,,,,
20440.png,449,,-1,-1,-1,-1,1,0,0,,0,-1,-1,-1,0,,,,,,,0,-1,,,,,,,1,1,,,,-1,,,-1,1,,,,,,,,,,,,,,,,,,
20450.png,450,,1,-1,-1,1,-3,0,0,,0,-1,-1,-1,0,,,,,,,0,-1,,,,,,,1,-1,,,,1,,,1,-1,,,,,,,,,,,,,,,,,,
20456.png,451,,-2,-1,-1,2,0,0,0,,-1,-1,-1,-1,0,,,,,,,1,0,,,,,,,1,1,,,,-1,,,1,-1,,,,,,,,,,,,,,,,,,
20463.png,452,,-1,-1,-1,-2,-4,0,0,,-1,-1,-1,-1,-1,,,,,,,-1,-1,,,,,,,-1,-1,,,,0,,,1,-1,,,,,,,,,,,,,,,,,,
20469.png,453,,-1,1,1,1,3,0,0,,0,1,1,-1,0,,,,,,,0,1,,,,,,,1,1,,,,-1,,,1,1,,,,,,,,,,,,,,,,,,
20481.png,454,,1,-1,-1,-4,-4,0,0,,0,-1,-1,-1,-1,,,,,,,-1,-1,,,,,,,-1,-1,,,,1,,,-1,-1,,,,,,,,,,,,,,,,,,
20482.png,455,,-2,0,-1,2,2,0,0,,-1,0,-1,1,0,,,,,,,-1,0,,,,,,,1,1,,,,-1,,,1,1,,,,,,,,,,,,,,,,,,
20487.png,456,,-2,0,-1,0,3,0,0,,-1,0,-1,-1,0,,,,,,,-1,1,,,,,,,1,1,,,,-1,,,1,1,,,,,,,,,,,,,,,,,,
20493.png,457,,2,0,-1,0,3,0,0,,1,0,-1,-1,0,,,,,,,1,1,,,,,,,1,1,,,,1,,,-1,1,,,,,,,,,,,,,,,,,,
20503.png,458,,0,-1,-1,2,0,0,0,,1,-1,-1,-1,0,,,,,,,1,0,,,,,,,1,-1,,,,-1,,,1,1,,,,,,,,,,,,,,,,,,
20504.png,459,,-2,0,1,-4,-3,0,0,,-1,0,1,-1,-1,,,,,,,-1,-1,,,,,,,-1,-1,,,,-1,,,-1,0,,,,,,,,,,,,,,,,,,
20515.png,460,,2,1,-1,-1,4,0,0,,1,1,-1,-1,1,,,,,,,0,1,,,,,,,1,1,,,,1,,,-1,1,,,,,,,,,,,,,,,,,,
20518.png,461,,0,1,1,1,4,0,0,,0,1,1,-1,1,,,,,,,0,1,,,,,,,1,1,,,,0,,,1,1,,,,,,,,,,,,,,,,,,
20520.png,462,,-2,-1,-1,-2,-4,0,0,,-1,-1,-1,-1,-1,,,,,,,-1,-1,,,,,,,-1,-1,,,,-1,,,1,-1,,,,,,,,,,,,,,,,,,
20522.png,463,,0,-1,-1,0,2,0,0,,-1,-1,-1,-1,0,,,,,,,0,1,,,,,,,0,0,,,,1,,,1,1,,,,,,,,,,,,,,,,,,
20523.png,464,,1,0,-1,1,-1,0,0,,0,0,-1,-1,0,,,,,,,0,0,,,,,,,1,-1,,,,1,,,1,0,,,,,,,,,,,,,,,,,,
20525.png,465,,0,1,-1,4,4,0,0,,0,1,-1,1,1,,,,,,,1,1,,,,,,,1,1,,,,0,,,1,1,,,,,,,,,,,,,,,,,,
20538.png,466,,-2,-1,-1,-4,-4,0,0,,-1,-1,-1,-1,-1,,,,,,,-1,-1,,,,,,,-1,-1,,,,-1,,,-1,-1,,,,,,,,,,,,,,,,,,
20540.png,467,,1,0,1,-4,-1,0,0,,0,0,1,-1,-1,,,,,,,-1,0,,,,,,,-1,1,,,,1,,,-1,-1,,,,,,,,,,,,,,,,,,
20556.png,468,,-2,-1,-1,-2,-2,0,0,,-1,-1,-1,-1,-1,,,,,,,-1,0,,,,,,,-1,0,,,,-1,,,1,-1,,,,,,,,,,,,,,,,,,
20578.png,469,,-1,0,-1,1,2,0,0,,-1,0,-1,0,0,,,,,,,-1,1,,,,,,,1,1,,,,0,,,1,0,,,,,,,,,,,,,,,,,,
20579.png,470,,-1,0,-1,1,3,0,0,,0,0,-1,0,0,,,,,,,-1,1,,,,,,,1,1,,,,-1,,,1,1,,,,,,,,,,,,,,,,,,
20581.png,471,,-1,0,-1,3,3,0,0,,0,0,-1,0,0,,,,,,,1,1,,,,,,,1,1,,,,-1,,,1,1,,,,,,,,,,,,,,,,,,
20582.png,472,,1,0,-1,-1,4,0,0,,0,0,-1,-1,1,,,,,,,0,1,,,,,,,-1,1,,,,1,,,1,1,,,,,,,,,,,,,,,,,,
20583.png,473,,-2,-1,-1,-2,-2,0,0,,-1,-1,-1,-1,0,,,,,,,-1,-1,,,,,,,-1,-1,,,,-1,,,1,0,,,,,,,,,,,,,,,,,,
20585.png,474,,-1,-1,-1,-4,-1,0,0,,0,-1,-1,-1,-1,,,,,,,-1,0,,,,,,,-1,1,,,,-1,,,-1,-1,,,,,,,,,,,,,,,,,,
20586.png,475,,-1,-1,-1,-4,1,0,0,,0,-1,-1,-1,0,,,,,,,-1,-1,,,,,,,-1,1,,,,-1,,,-1,1,,,,,,,,,,,,,,,,,,
20587.png,476,,-1,-1,-1,-2,0,0,0,,-1,-1,-1,-1,-1,,,,,,,-1,-1,,,,,,,-1,1,,,,0,,,1,1,,,,,,,,,,,,,,,,,,
20589.png,477,,-2,-1,-1,-4,-2,0,0,,-1,-1,-1,-1,0,,,,,,,-1,-1,,,,,,,-1,0,,,,-1,,,-1,-1,,,,,,,,,,,,,,,,,,
20590.png,478,,-2,-1,-1,-2,0,0,0,,-1,-1,-1,-1,0,,,,,,,-1,0,,,,,,,-1,0,,,,-1,,,1,0,,,,,,,,,,,,,,,,,,
20591.png,479,,-2,-1,-1,4,2,0,0,,-1,-1,-1,1,-1,,,,,,,1,1,,,,,,,1,1,,,,-1,,,1,1,,,,,,,,,,,,,,,,,,
20592.png,480,,1,0,-1,1,3,0,0,,0,0,-1,0,0,,,,,,,1,1,,,,,,,1,1,,,,1,,,-1,1,,,,,,,,,,,,,,,,,,
20593.png,481,,-2,1,1,3,3,0,0,,-1,1,1,0,1,,,,,,,1,1,,,,,,,1,0,,,,-1,,,1,1,,,,,,,,,,,,,,,,,,
20594.png,482,,-1,1,-1,1,4,0,0,,0,1,-1,0,1,,,,,,,1,1,,,,,,,1,1,,,,-1,,,-1,1,,,,,,,,,,,,,,,,,,
20597.png,483,,-2,0,-1,1,3,0,0,,-1,0,-1,0,0,,,,,,,1,1,,,,,,,1,1,,,,-1,,,-1,1,,,,,,,,,,,,,,,,,,
20600.png,484,,0,0,-1,0,3,0,0,,-1,0,-1,-1,0,,,,,,,-1,1,,,,,,,1,1,,,,1,,,1,1,,,,,,,,,,,,,,,,,,
20604.png,485,,1,0,0,0,3,0,0,,0,0,0,-1,0,,,,,,,1,1,,,,,,,1,1,,,,1,,,-1,1,,,,,,,,,,,,,,,,,,
20607.png,486,,-2,-1,-1,4,2,0,0,,-1,-1,-1,1,0,,,,,,,1,1,,,,,,,1,0,,,,-1,,,1,1,,,,,,,,,,,,,,,,,,
20608.png,487,,-2,-1,-1,-2,-4,0,0,,-1,-1,-1,-1,-1,,,,,,,-1,-1,,,,,,,-1,-1,,,,-1,,,1,-1,,,,,,,,,,,,,,,,,,
20615.png,488,,-1,-1,1,-1,-1,0,0,,0,-1,1,-1,-1,,,,,,,0,0,,,,,,,1,1,,,,-1,,,-1,-1,,,,,,,,,,,,,,,,,,
20617.png,489,,-2,-1,1,-4,-4,0,0,,-1,-1,1,-1,-1,,,,,,,-1,-1,,,,,,,-1,-1,,,,-1,,,-1,-1,,,,,,,,,,,,,,,,,,
20621.png,490,,-2,-1,1,-4,0,0,0,,-1,-1,1,-1,-1,,,,,,,-1,1,,,,,,,-1,1,,,,-1,,,-1,-1,,,,,,,,,,,,,,,,,,
20622.png,491,,2,0,1,-2,1,0,0,,1,0,1,-1,0,,,,,,,-1,1,,,,,,,-1,1,,,,1,,,1,-1,,,,,,,,,,,,,,,,,,
20625.png,492,,-1,0,1,2,4,0,0,,0,0,1,-1,1,,,,,,,1,1,,,,,,,1,1,,,,-1,,,1,1,,,,,,,,,,,,,,,,,,
20636.png,493,,-2,0,-1,-3,2,0,0,,-1,0,-1,0,0,,,,,,,-1,1,,,,,,,-1,1,,,,-1,,,-1,0,,,,,,,,,,,,,,,,,,
20637.png,494,,-1,0,0,-2,3,0,0,,0,0,0,-1,0,,,,,,,-1,1,,,,,,,1,1,,,,-1,,,-1,1,,,,,,,,,,,,,,,,,,
20643.png,495,,-2,-1,-1,-4,-2,0,0,,-1,-1,-1,-1,-1,,,,,,,-1,0,,,,,,,-1,0,,,,-1,,,-1,-1,,,,,,,,,,,,,,,,,,
20647.png,496,,1,1,0,4,4,0,0,,0,1,0,1,1,,,,,,,1,1,,,,,,,1,1,,,,1,,,1,1,,,,,,,,,,,,,,,,,,
20648.png,497,,-2,0,-1,4,3,0,0,,-1,0,-1,1,0,,,,,,,1,1,,,,,,,1,1,,,,-1,,,1,1,,,,,,,,,,,,,,,,,,
20650.png,498,,-2,-1,-1,-4,1,0,0,,-1,-1,-1,-1,0,,,,,,,-1,1,,,,,,,-1,1,,,,-1,,,-1,-1,,,,,,,,,,,,,,,,,,
20651.png,499,,1,0,0,2,3,0,0,,0,0,0,0,0,,,,,,,0,1,,,,,,,1,1,,,,1,,,1,1,,,,,,,,,,,,,,,,,,
20656.png,500,,1,-1,0,1,0,0,0,,0,-1,0,-1,-1,,,,,,,0,1,,,,,,,1,1,,,,1,,,1,-1,,,,,,,,,,,,,,,,,,
20658.png,501,,-1,-1,1,-4,2,0,0,,0,-1,1,-1,-1,,,,,,,-1,1,,,,,,,-1,1,,,,-1,,,-1,1,,,,,,,,,,,,,,,,,,
20663.png,502,,-2,0,1,-3,0,0,0,,-1,0,1,-1,0,,,,,,,-1,-1,,,,,,,0,1,,,,-1,,,-1,0,,,,,,,,,,,,,,,,,,
20665.png,503,,-2,0,1,-3,3,0,0,,-1,0,1,0,0,,,,,,,-1,1,,,,,,,-1,1,,,,-1,,,-1,1,,,,,,,,,,,,,,,,,,
20666.png,504,,-2,0,0,3,4,0,0,,-1,0,0,0,1,,,,,,,1,1,,,,,,,1,1,,,,-1,,,1,1,,,,,,,,,,,,,,,,,,
20667.png,505,,0,0,-1,3,4,0,0,,-1,0,-1,0,1,,,,,,,1,1,,,,,,,1,1,,,,1,,,1,1,,,,,,,,,,,,,,,,,,
20672.png,506,,-2,0,1,-1,3,0,0,,-1,0,1,-1,1,,,,,,,0,0,,,,,,,1,1,,,,-1,,,-1,1,,,,,,,,,,,,,,,,,,
20684.png,507,,-2,0,0,-1,-2,0,0,,-1,0,0,0,0,,,,,,,-1,0,,,,,,,-1,-1,,,,-1,,,1,-1,,,,,,,,,,,,,,,,,,
20685.png,508,,2,0,0,4,4,0,0,,1,0,0,1,1,,,,,,,1,1,,,,,,,1,1,,,,1,,,1,1,,,,,,,,,,,,,,,,,,
20690.png,509,,-1,0,1,2,-1,0,0,,-1,0,1,-1,-1,,,,,,,1,-1,,,,,,,1,1,,,,0,,,1,0,,,,,,,,,,,,,,,,,,
20691.png,510,,-2,0,1,3,2,0,0,,-1,0,1,0,0,,,,,,,1,0,,,,,,,1,1,,,,-1,,,1,1,,,,,,,,,,,,,,,,,,
20693.png,511,,1,1,1,4,4,0,0,,0,1,1,1,1,,,,,,,1,1,,,,,,,1,1,,,,1,,,1,1,,,,,,,,,,,,,,,,,,
20696.png,512,,1,0,1,-4,2,0,0,,0,0,1,-1,0,,,,,,,-1,1,,,,,,,-1,1,,,,1,,,-1,0,,,,,,,,,,,,,,,,,,
20701.png,513,,-1,0,0,1,1,0,0,,-1,0,0,-1,-1,,,,,,,0,0,,,,,,,1,1,,,,0,,,1,1,,,,,,,,,,,,,,,,,,
20702.png,514,,-2,0,0,3,-2,0,0,,-1,0,0,1,-1,,,,,,,1,1,,,,,,,0,-1,,,,-1,,,1,-1,,,,,,,,,,,,,,,,,,
20703.png,515,,1,0,0,4,3,0,0,,0,0,0,1,0,,,,,,,1,1,,,,,,,1,1,,,,1,,,1,1,,,,,,,,,,,,,,,,,,
20705.png,516,,2,0,1,1,4,0,0,,1,0,1,0,1,,,,,,,1,1,,,,,,,1,1,,,,1,,,-1,1,,,,,,,,,,,,,,,,,,
20719.png,517,,1,1,1,3,3,0,0,,0,1,1,0,1,,,,,,,1,1,,,,,,,1,,,,,1,,,1,1,,,,,,,,,,,,,,,,,,
20720.png,518,,2,0,1,2,2,0,0,,1,0,1,-1,0,,,,,,,1,0,,,,,,,1,1,,,,1,,,1,1,,,,,,,,,,,,,,,,,,
20721.png,519,,-1,0,0,3,3,0,0,,-1,0,0,0,0,,,,,,,1,1,,,,,,,1,1,,,,0,,,1,1,,,,,,,,,,,,,,,,,,
20728.png,520,,1,1,1,-1,3,0,0,,0,1,1,-1,0,,,,,,,-1,1,,,,,,,1,1,,,,1,,,0,1,,,,,,,,,,,,,,,,,,
20729.png,521,,-2,0,0,-2,2,0,0,,-1,0,0,0,0,,,,,,,-1,1,,,,,,,,,,,,-1,,,-1,1,,,,,,,,,,,,,,,,,,
20732.png,522,,-1,-1,-1,-3,-4,0,0,,0,-1,-1,-1,-1,,,,,,,-1,-1,,,,,,,,-1,,,,-1,,,-1,-1,,,,,,,,,,,,,,,,,,
20733.png,523,,-2,-1,0,-1,1,0,0,,-1,-1,0,-1,0,,,,,,,-1,-1,,,,,,,,1,,,,-1,,,1,1,,,,,,,,,,,,,,,,,,
20736.png,524,,-2,0,0,-1,4,0,0,,-1,0,0,0,1,,,,,,,0,1,,,,,,,,1,,,,-1,,,-1,1,,,,,,,,,,,,,,,,,,
20742.png,525,,1,1,0,1,4,0,0,,0,1,0,0,1,,,,,,,1,1,,,,,,,1,1,,,,1,,,-1,1,,,,,,,,,,,,,,,,,,
20743.png,526,,-2,-1,-1,-4,1,0,0,,-1,-1,-1,-1,0,,,,,,,-1,-1,,,,,,,-1,1,,,,-1,,,-1,1,,,,,,,,,,,,,,,,,,
20754.png,527,,-1,0,1,1,-1,0,0,,-1,0,1,-1,0,,,,,,,0,-1,,,,,,,1,1,,,,0,,,1,-1,,,,,,,,,,,,,,,,,,
20756.png,528,,0,0,1,1,0,0,0,,-1,0,1,-1,0,,,,,,,0,-1,,,,,,,1,1,,,,1,,,1,0,,,,,,,,,,,,,,,,,,
20760.png,529,,0,0,0,3,3,0,0,,0,0,0,0,1,,,,,,,1,0,,,,,,,1,1,,,,0,,,1,1,,,,,,,,,,,,,,,,,,
20764.png,530,,-2,0,-1,4,3,0,0,,-1,0,-1,1,0,,,,,,,1,1,,,,,,,1,1,,,,-1,,,1,1,,,,,,,,,,,,,,,,,,
20765.png,531,,-2,-1,-1,-2,-2,0,0,,-1,-1,-1,-1,-1,,,,,,,-1,-1,,,,,,,-1,1,,,,-1,,,1,-1,,,,,,,,,,,,,,,,,,
20768.png,532,,-2,-1,0,0,-2,0,0,,-1,-1,0,0,0,,,,,,,0,0,,,,,,,1,-1,,,,-1,,,-1,-1,,,,,,,,,,,,,,,,,,
20773.png,533,,-2,0,1,2,3,0,0,,-1,0,1,1,0,,,,,,,1,1,,,,,,,1,1,,,,-1,,,-1,1,,,,,,,,,,,,,,,,,,
20774.png,534,,-1,0,-1,-4,3,0,0,,-1,0,-1,-1,0,,,,,,,-1,1,,,,,,,-1,1,,,,0,,,-1,1,,,,,,,,,,,,,,,,,,
20777.png,535,,2,0,-1,4,4,0,0,,1,0,-1,1,1,,,,,,,1,1,,,,,,,1,1,,,,1,,,1,1,,,,,,,,,,,,,,,,,,
20779.png,536,,1,-1,-1,-3,-1,0,0,,0,-1,-1,-1,-1,,,,,,,-1,1,,,,,,,0,0,,,,1,,,-1,-1,,,,,,,,,,,,,,,,,,
20780.png,537,,-1,0,1,2,2,0,0,,-1,0,1,-1,0,,,,,,,1,0,,,,,,,1,1,,,,0,,,1,1,,,,,,,,,,,,,,,,,,
20784.png,538,,-2,1,1,2,4,0,0,,-1,1,1,1,1,,,,,,,1,1,,,,,,,1,1,,,,-1,,,-1,1,,,,,,,,,,,,,,,,,,
20785.png,539,,-1,0,0,3,3,0,0,,-1,0,0,0,0,,,,,,,1,1,,,,,,,1,1,,,,0,,,1,1,,,,,,,,,,,,,,,,,,
20789.png,540,,0,0,0,1,2,0,0,,0,0,0,-1,0,,,,,,,0,1,,,,,,,1,1,,,,0,,,1,0,,,,,,,,,,,,,,,,,,
20791.png,541,,-2,0,0,-3,2,0,0,,-1,0,0,0,0,,,,,,,-1,1,,,,,,,-1,1,,,,-1,,,-1,0,,,,,,,,,,,,,,,,,,
20792.png,542,,-2,0,0,3,3,0,0,,-1,0,0,1,0,,,,,,,0,1,,,,,,,1,1,,,,-1,,,1,1,,,,,,,,,,,,,,,,,,
20795.png,543,,2,-1,-1,-3,-4,0,0,,1,-1,-1,-1,-1,,,,,,,-1,-1,,,,,,,,-1,,,,1,,,-1,-1,,,,,,,,,,,,,,,,,,
20802.png,544,,-2,0,0,-4,2,0,0,,-1,0,0,-1,0,,,,,,,-1,1,,,,,,,-1,1,,,,-1,,,-1,0,,,,,,,,,,,,,,,,,,
20803.png,545,,-2,0,0,-2,2,0,0,,-1,0,0,-1,0,,,,,,,-1,0,,,,,,,-1,1,,,,-1,,,1,1,,,,,,,,,,,,,,,,,,
20805.png,546,,-2,0,0,1,4,0,0,,-1,0,0,0,1,,,,,,,1,1,,,,,,,1,1,,,,-1,,,-1,1,,,,,,,,,,,,,,,,,,
20806.png,547,,-2,-1,-1,-2,-1,0,0,,-1,-1,-1,-1,0,,,,,,,-1,-1,,,,,,,-1,1,,,,-1,,,1,-1,,,,,,,,,,,,,,,,,,
20808.png,548,,-2,0,0,3,3,0,0,,-1,0,0,0,0,,,,,,,1,1,,,,,,,1,1,,,,-1,,,1,1,,,,,,,,,,,,,,,,,,
20810.png,549,,-2,-1,-1,-2,-1,0,0,,-1,-1,-1,-1,-1,,,,,,,-1,-1,,,,,,,-1,1,,,,-1,,,1,0,,,,,,,,,,,,,,,,,,
20815.png,550,,0,0,0,3,3,0,0,,0,0,0,0,0,,,,,,,1,1,,,,,,,1,1,,,,0,,,1,1,,,,,,,,,,,,,,,,,,
20819.png,551,,1,0,0,2,3,0,0,,0,0,0,-1,0,,,,,,,1,1,,,,,,,1,1,,,,1,,,1,1,,,,,,,,,,,,,,,,,,
20821.png,552,,-1,0,0,3,2,0,0,,-1,0,0,0,0,,,,,,,1,1,,,,,,,1,,,,,0,,,1,1,,,,,,,,,,,,,,,,,,
20822.png,553,,-2,0,-1,-1,-1,0,0,,-1,0,-1,-1,-1,,,,,,,0,-1,,,,,,,1,1,,,,-1,,,-1,0,,,,,,,,,,,,,,,,,,
20823.png,554,,-2,0,0,-2,2,0,0,,-1,0,0,-1,0,,,,,,,-1,0,,,,,,,-1,1,,,,-1,,,1,1,,,,,,,,,,,,,,,,,,
20827.png,555,,0,0,0,-4,2,0,0,,-1,0,0,-1,0,,,,,,,-1,0,,,,,,,-1,1,,,,1,,,-1,1,,,,,,,,,,,,,,,,,,
20836.png,556,,-2,0,0,2,4,0,0,,-1,0,0,1,1,,,,,,,1,1,,,,,,,1,1,,,,-1,,,-1,1,,,,,,,,,,,,,,,,,,
20838.png,557,,-2,0,-1,2,-1,0,0,,-1,0,-1,1,0,,,,,,,-1,-1,,,,,,,1,1,,,,-1,,,1,-1,,,,,,,,,,,,,,,,,,
20846.png,558,,-2,-1,-1,-4,-3,0,0,,-1,-1,-1,-1,-1,,,,,,,-1,-1,,,,,,,-1,0,,,,-1,,,-1,-1,,,,,,,,,,,,,,,,,,
20848.png,559,,0,0,0,3,4,0,0,,-1,0,0,0,1,,,,,,,1,1,,,,,,,1,1,,,,1,,,1,1,,,,,,,,,,,,,,,,,,
20850.png,560,,-1,0,0,2,3,0,0,,-1,0,0,0,0,,,,,,,0,1,,,,,,,1,1,,,,0,,,1,1,,,,,,,,,,,,,,,,,,
20852.png,561,,-1,0,0,-2,3,0,0,,0,0,0,-1,0,,,,,,,-1,1,,,,,,,-1,1,,,,-1,,,1,1,,,,,,,,,,,,,,,,,,
20854.png,562,,-2,0,-1,-4,-1,0,0,,-1,0,-1,-1,-1,,,,,,,-1,0,,,,,,,-1,1,,,,-1,,,-1,-1,,,,,,,,,,,,,,,,,,
20861.png,563,,-2,0,0,2,4,0,0,,-1,0,0,1,1,,,,,,,1,1,,,,,,,1,1,,,,-1,,,-1,1,,,,,,,,,,,,,,,,,,
20862.png,564,,-2,0,0,3,3,0,0,,-1,0,0,0,0,,,,,,,1,1,,,,,,,1,1,,,,-1,,,1,1,,,,,,,,,,,,,,,,,,
20864.png,565,,-2,0,0,-1,4,0,0,,-1,0,0,0,1,,,,,,,-1,1,,,,,,,1,1,,,,-1,,,-1,1,,,,,,,,,,,,,,,,,,
20865.png,566,,-2,0,1,-2,4,0,0,,-1,0,1,-1,1,,,,,,,-1,1,,,,,,,1,1,,,,-1,,,-1,1,,,,,,,,,,,,,,,,,,
20871.png,567,,-2,0,0,0,0,0,0,,-1,0,0,-1,1,,,,,,,-1,1,,,,,,,1,-1,,,,-1,,,1,-1,,,,,,,,,,,,,,,,,,
20876.png,568,,2,0,0,3,2,0,0,,1,0,0,0,1,,,,,,,1,1,,,,,,,1,1,,,,1,,,1,-1,,,,,,,,,,,,,,,,,,
20878.png,569,,-2,0,0,1,3,0,0,,-1,0,0,-1,0,,,,,,,0,1,,,,,,,1,1,,,,-1,,,1,1,,,,,,,,,,,,,,,,,,
20882.png,570,,-1,1,0,3,3,0,0,,-1,1,0,1,1,,,,,,,1,1,,,,,,,,,,,,0,,,1,1,,,,,,,,,,,,,,,,,,
20889.png,571,,2,0,0,1,4,0,0,,1,0,0,-1,1,,,,,,,0,1,,,,,,,1,1,,,,1,,,1,1,,,,,,,,,,,,,,,,,,
20890.png,572,,0,0,-1,2,2,0,0,,-1,0,-1,1,0,,,,,,,1,0,,,,,,,1,1,,,,1,,,-1,1,,,,,,,,,,,,,,,,,,
20893.png,573,,-2,-1,-1,-1,1,0,0,,-1,-1,-1,-1,0,,,,,,,0,-1,,,,,,,1,1,,,,-1,,,-1,1,,,,,,,,,,,,,,,,,,
20894.png,574,,-2,-1,0,-4,-2,0,0,,-1,-1,0,-1,-1,,,,,,,-1,-1,,,,,,,-1,1,,,,-1,,,-1,-1,,,,,,,,,,,,,,,,,,
20896.png,575,,-2,-1,0,-2,2,0,0,,-1,-1,0,-1,-1,,,,,,,-1,1,,,,,,,-1,1,,,,-1,,,1,1,,,,,,,,,,,,,,,,,,
20897.png,576,,2,-1,-1,1,2,0,0,,1,-1,-1,-1,0,,,,,,,0,0,,,,,,,1,1,,,,1,,,1,1,,,,,,,,,,,,,,,,,,
20899.png,577,,-1,0,-1,2,4,0,0,,0,0,-1,1,1,,,,,,,1,1,,,,,,,1,1,,,,-1,,,-1,1,,,,,,,,,,,,,,,,,,
20921.png,578,,0,0,0,-3,1,0,0,,-1,0,0,-1,0,,,,,,,-1,-1,,,,,,,-1,1,,,,1,,,0,1,,,,,,,,,,,,,,,,,,
20928.png,579,,-2,0,0,1,1,0,0,,-1,0,0,-1,0,,,,,,,0,0,,,,,,,1,1,,,,-1,,,1,0,,,,,,,,,,,,,,,,,,
20932.png,580,,-1,0,0,-1,4,0,0,,-1,0,0,0,1,,,,,,,-1,1,,,,,,,-1,1,,,,0,,,1,1,,,,,,,,,,,,,,,,,,
20937.png,581,,-2,1,0,-3,4,0,0,,-1,1,0,-1,1,,,,,,,-1,1,,,,,,,,1,,,,-1,,,-1,1,,,,,,,,,,,,,,,,,,
20950.png,582,,-1,0,0,1,1,0,0,,-1,0,0,-1,1,,,,,,,0,0,,,,,,,1,1,,,,0,,,1,-1,,,,,,,,,,,,,,,,,,
20951.png,583,,-1,0,1,-4,2,0,0,,-1,0,1,-1,0,,,,,,,-1,0,,,,,,,-1,1,,,,0,,,-1,1,,,,,,,,,,,,,,,,,,
20953.png,584,,-2,-1,-1,-1,3,0,0,,-1,-1,-1,0,0,,,,,,,-1,1,,,,,,,-1,1,,,,-1,,,1,1,,,,,,,,,,,,,,,,,,
20957.png,585,,-2,0,-1,4,4,0,0,,-1,0,-1,1,1,,,,,,,1,1,,,,,,,1,1,,,,-1,,,1,1,,,,,,,,,,,,,,,,,,
20959.png,586,,2,0,-1,-3,3,0,0,,1,0,-1,-1,0,,,,,,,-1,1,,,,,,,,1,,,,1,,,-1,1,,,,,,,,,,,,,,,,,,
20962.png,587,,-2,0,0,4,0,0,0,,-1,0,0,1,1,,,,,,,1,-1,,,,,,,1,1,,,,-1,,,1,-1,,,,,,,,,,,,,,,,,,
20963.png,588,,-2,1,1,2,2,0,0,,-1,1,1,1,1,,,,,,,1,0,,,,,,,1,1,,,,-1,,,-1,0,,,,,,,,,,,,,,,,,,
20964.png,589,,-2,0,0,3,-3,0,0,,-1,0,0,1,0,,,,,,,1,-1,,,,,,,,-1,,,,-1,,,1,-1,,,,,,,,,,,,,,,,,,
20965.png,590,,0,0,0,2,4,0,0,,-1,0,0,0,1,,,,,,,1,1,,,,,,,1,1,,,,1,,,0,1,,,,,,,,,,,,,,,,,,
20967.png,591,,-1,0,1,-1,2,0,0,,0,0,1,0,0,,,,,,,1,0,,,,,,,-1,1,,,,-1,,,-1,1,,,,,,,,,,,,,,,,,,
20969.png,592,,-2,0,0,3,2,0,0,,-1,0,0,0,0,,,,,,,1,0,,,,,,,1,1,,,,-1,,,1,1,,,,,,,,,,,,,,,,,,
20971.png,593,,1,-1,-1,0,1,0,0,,0,-1,-1,-1,-1,,,,,,,1,0,,,,,,,1,1,,,,1,,,-1,1,,,,,,,,,,,,,,,,,,
20972.png,594,,-2,-1,1,1,4,0,0,,-1,-1,1,0,1,,,,,,,1,1,,,,,,,1,1,,,,-1,,,-1,1,,,,,,,,,,,,,,,,,,
20980.png,595,,-2,0,1,3,3,0,0,,-1,0,1,0,0,,,,,,,1,1,,,,,,,1,1,,,,-1,,,1,1,,,,,,,,,,,,,,,,,,
20990.png,596,,0,-1,-1,-1,-4,0,0,,-1,-1,-1,-1,-1,,,,,,,-1,-1,,,,,,,,-1,,,,1,,,1,-1,,,,,,,,,,,,,,,,,,
21000.png,597,,-2,-1,0,-4,1,0,0,,-1,-1,0,-1,-1,,,,,,,-1,0,,,,,,,-1,1,,,,-1,,,-1,1,,,,,,,,,,,,,,,,,,
,598,,,,,,,,,,,,,,,,,,,,,,,,,,,,,,,,,,,,,,,,,,,,,,,,,,,,,,,,
,599,,,,,,,,,,,,,,,,,,,,,,,,,,,,,,,,,,,,,,,,,,,,,,,,,,,,,,,,
,600,,,,,,,,,,,,,,,,,,,,,,,,,,,,,,,,,,,,,,,,,,,,,,,,,,,,,,,,
,601,,,,,,,,,,,,,,,,,,,,,,,,,,,,,,,,,,,,,,,,,,,,,,,,,,,,,,,,
,602,,,,,,,,,,,,,,,,,,,,,,,,,,,,,,,,,,,,,,,,,,,,,,,,,,,,,,,,
,603,,,,,,,,,,,,,,,,,,,,,,,,,,,,,,,,,,,,,,,,,,,,,,,,,,,,,,,,
,604,,,,,,,,,,,,,,,,,,,,,,,,,,,,,,,,,,,,,,,,,,,,,,,,,,,,,,,,
,605,,,,,,,,,,,,,,,,,,,,,,,,,,,,,,,,,,,,,,,,,,,,,,,,,,,,,,,,
,606,,,,,,,,,,,,,,,,,,,,,,,,,,,,,,,,,,,,,,,,,,,,,,,,,,,,,,,,
,607,,,,,,,,,,,,,,,,,,,,,,,,,,,,,,,,,,,,,,,,,,,,,,,,,,,,,,,,
,608,,,,,,,,,,,,,,,,,,,,,,,,,,,,,,,,,,,,,,,,,,,,,,,,,,,,,,,,
,609,,,,,,,,,,,,,,,,,,,,,,,,,,,,,,,,,,,,,,,,,,,,,,,,,,,,,,,,
,610,,,,,,,,,,,,,,,,,,,,,,,,,,,,,,,,,,,,,,,,,,,,,,,,,,,,,,,,
,611,,,,,,,,,,,,,,,,,,,,,,,,,,,,,,,,,,,,,,,,,,,,,,,,,,,,,,,,
,612,,,,,,,,,,,,,,,,,,,,,,,,,,,,,,,,,,,,,,,,,,,,,,,,,,,,,,,,
,613,,,,,,,,,,,,,,,,,,,,,,,,,,,,,,,,,,,,,,,,,,,,,,,,,,,,,,,,
,614,,,,,,,,,,,,,,,,,,,,,,,,,,,,,,,,,,,,,,,,,,,,,,,,,,,,,,,,
,615,,,,,,,,,,,,,,,,,,,,,,,,,,,,,,,,,,,,,,,,,,,,,,,,,,,,,,,,
,616,,,,,,,,,,,,,,,,,,,,,,,,,,,,,,,,,,,,,,,,,,,,,,,,,,,,,,,,
,617,,,,,,,,,,,,,,,,,,,,,,,,,,,,,,,,,,,,,,,,,,,,,,,,,,,,,,,,
,618,,,,,,,,,,,,,,,,,,,,,,,,,,,,,,,,,,,,,,,,,,,,,,,,,,,,,,,,
,619,,,,,,,,,,,,,,,,,,,,,,,,,,,,,,,,,,,,,,,,,,,,,,,,,,,,,,,,
,620,,,,,,,,,,,,,,,,,,,,,,,,,,,,,,,,,,,,,,,,,,,,,,,,,,,,,,,,
,621,,,,,,,,,,,,,,,,,,,,,,,,,,,,,,,,,,,,,,,,,,,,,,,,,,,,,,,,
,622,,,,,,,,,,,,,,,,,,,,,,,,,,,,,,,,,,,,,,,,,,,,,,,,,,,,,,,,
,623,,,,,,,,,,,,,,,,,,,,,,,,,,,,,,,,,,,,,,,,,,,,,,,,,,,,,,,,
,624,,,,,,,,,,,,,,,,,,,,,,,,,,,,,,,,,,,,,,,,,,,,,,,,,,,,,,,,
,625,,,,,,,,,,,,,,,,,,,,,,,,,,,,,,,,,,,,,,,,,,,,,,,,,,,,,,,,
,626,,,,,,,,,,,,,,,,,,,,,,,,,,,,,,,,,,,,,,,,,,,,,,,,,,,,,,,,
,627,,,,,,,,,,,,,,,,,,,,,,,,,,,,,,,,,,,,,,,,,,,,,,,,,,,,,,,,
,628,,,,,,,,,,,,,,,,,,,,,,,,,,,,,,,,,,,,,,,,,,,,,,,,,,,,,,,,
,629,,,,,,,,,,,,,,,,,,,,,,,,,,,,,,,,,,,,,,,,,,,,,,,,,,,,,,,,
,630,,,,,,,,,,,,,,,,,,,,,,,,,,,,,,,,,,,,,,,,,,,,,,,,,,,,,,,,
,631,,,,,,,,,,,,,,,,,,,,,,,,,,,,,,,,,,,,,,,,,,,,,,,,,,,,,,,,
,632,,,,,,,,,,,,,,,,,,,,,,,,,,,,,,,,,,,,,,,,,,,,,,,,,,,,,,,,
,633,,,,,,,,,,,,,,,,,,,,,,,,,,,,,,,,,,,,,,,,,,,,,,,,,,,,,,,,
,634,,,,,,,,,,,,,,,,,,,,,,,,,,,,,,,,,,,,,,,,,,,,,,,,,,,,,,,,
,635,,,,,,,,,,,,,,,,,,,,,,,,,,,,,,,,,,,,,,,,,,,,,,,,,,,,,,,,
,636,,,,,,,,,,,,,,,,,,,,,,,,,,,,,,,,,,,,,,,,,,,,,,,,,,,,,,,,
,637,,,,,,,,,,,,,,,,,,,,,,,,,,,,,,,,,,,,,,,,,,,,,,,,,,,,,,,,
,638,,,,,,,,,,,,,,,,,,,,,,,,,,,,,,,,,,,,,,,,,,,,,,,,,,,,,,,,
,639,,,,,,,,,,,,,,,,,,,,,,,,,,,,,,,,,,,,,,,,,,,,,,,,,,,,,,,,
,640,,,,,,,,,,,,,,,,,,,,,,,,,,,,,,,,,,,,,,,,,,,,,,,,,,,,,,,,
,641,,,,,,,,,,,,,,,,,,,,,,,,,,,,,,,,,,,,,,,,,,,,,,,,,,,,,,,,
,642,,,,,,,,,,,,,,,,,,,,,,,,,,,,,,,,,,,,,,,,,,,,,,,,,,,,,,,,
,643,,,,,,,,,,,,,,,,,,,,,,,,,,,,,,,,,,,,,,,,,,,,,,,,,,,,,,,,
,644,,,,,,,,,,,,,,,,,,,,,,,,,,,,,,,,,,,,,,,,,,,,,,,,,,,,,,,,
,645,,,,,,,,,,,,,,,,,,,,,,,,,,,,,,,,,,,,,,,,,,,,,,,,,,,,,,,,
,646,,,,,,,,,,,,,,,,,,,,,,,,,,,,,,,,,,,,,,,,,,,,,,,,,,,,,,,,
,647,,,,,,,,,,,,,,,,,,,,,,,,,,,,,,,,,,,,,,,,,,,,,,,,,,,,,,,,
,648,,,,,,,,,,,,,,,,,,,,,,,,,,,,,,,,,,,,,,,,,,,,,,,,,,,,,,,,
,649,,,,,,,,,,,,,,,,,,,,,,,,,,,,,,,,,,,,,,,,,,,,,,,,,,,,,,,,
,650,,,,,,,,,,,,,,,,,,,,,,,,,,,,,,,,,,,,,,,,,,,,,,,,,,,,,,,,
,651,,,,,,,,,,,,,,,,,,,,,,,,,,,,,,,,,,,,,,,,,,,,,,,,,,,,,,,,
,652,,,,,,,,,,,,,,,,,,,,,,,,,,,,,,,,,,,,,,,,,,,,,,,,,,,,,,,,
,653,,,,,,,,,,,,,,,,,,,,,,,,,,,,,,,,,,,,,,,,,,,,,,,,,,,,,,,,
,654,,,,,,,,,,,,,,,,,,,,,,,,,,,,,,,,,,,,,,,,,,,,,,,,,,,,,,,,
,655,,,,,,,,,,,,,,,,,,,,,,,,,,,,,,,,,,,,,,,,,,,,,,,,,,,,,,,,
,656,,,,,,,,,,,,,,,,,,,,,,,,,,,,,,,,,,,,,,,,,,,,,,,,,,,,,,,,
,657,,,,,,,,,,,,,,,,,,,,,,,,,,,,,,,,,,,,,,,,,,,,,,,,,,,,,,,,
,658,,,,,,,,,,,,,,,,,,,,,,,,,,,,,,,,,,,,,,,,,,,,,,,,,,,,,,,,
,659,,,,,,,,,,,,,,,,,,,,,,,,,,,,,,,,,,,,,,,,,,,,,,,,,,,,,,,,
,660,,,,,,,,,,,,,,,,,,,,,,,,,,,,,,,,,,,,,,,,,,,,,,,,,,,,,,,,
,661,,,,,,,,,,,,,,,,,,,,,,,,,,,,,,,,,,,,,,,,,,,,,,,,,,,,,,,,
,662,,,,,,,,,,,,,,,,,,,,,,,,,,,,,,,,,,,,,,,,,,,,,,,,,,,,,,,,
,663,,,,,,,,,,,,,,,,,,,,,,,,,,,,,,,,,,,,,,,,,,,,,,,,,,,,,,,,
,664,,,,,,,,,,,,,,,,,,,,,,,,,,,,,,,,,,,,,,,,,,,,,,,,,,,,,,,,
,665,,,,,,,,,,,,,,,,,,,,,,,,,,,,,,,,,,,,,,,,,,,,,,,,,,,,,,,,
,666,,,,,,,,,,,,,,,,,,,,,,,,,,,,,,,,,,,,,,,,,,,,,,,,,,,,,,,,
,667,,,,,,,,,,,,,,,,,,,,,,,,,,,,,,,,,,,,,,,,,,,,,,,,,,,,,,,,
,668,,,,,,,,,,,,,,,,,,,,,,,,,,,,,,,,,,,,,,,,,,,,,,,,,,,,,,,,
,669,,,,,,,,,,,,,,,,,,,,,,,,,,,,,,,,,,,,,,,,,,,,,,,,,,,,,,,,
,670,,,,,,,,,,,,,,,,,,,,,,,,,,,,,,,,,,,,,,,,,,,,,,,,,,,,,,,,
,671,,,,,,,,,,,,,,,,,,,,,,,,,,,,,,,,,,,,,,,,,,,,,,,,,,,,,,,,
,672,,,,,,,,,,,,,,,,,,,,,,,,,,,,,,,,,,,,,,,,,,,,,,,,,,,,,,,,
,673,,,,,,,,,,,,,,,,,,,,,,,,,,,,,,,,,,,,,,,,,,,,,,,,,,,,,,,,
,674,,,,,,,,,,,,,,,,,,,,,,,,,,,,,,,,,,,,,,,,,,,,,,,,,,,,,,,,
,675,,,,,,,,,,,,,,,,,,,,,,,,,,,,,,,,,,,,,,,,,,,,,,,,,,,,,,,,
,676,,,,,,,,,,,,,,,,,,,,,,,,,,,,,,,,,,,,,,,,,,,,,,,,,,,,,,,,